Series Name,Series Code,Country Name,Country Code,1990 [YR1990],2000 [YR2000],2011 [YR2011],2012 [YR2012],2013 [YR2013],2014 [YR2014],2015 [YR2015],2016 [YR2016],2017 [YR2017],2018 [YR2018],2019 [YR2019],2020 [YR2020]
"School enrollment, secondary, female (% gross)",SE.SEC.ENRR.FE,Afghanistan,AFG,..,..,36.6359596252441,38.1079406738281,37.8484916687012,37.3329887390137,36.7518501281738,37.3025283813477,38.6025390625,39.9984016418457,..,..
"School enrollment, secondary, female (% gross)",SE.SEC.ENRR.FE,Albania,ALB,85.9329223632813,69.8489303588867,89.3991394042969,91.1126403808594,94.1986618041992,94.7868881225586,95.1226577758789,94.2385711669922,94.7128982543945,95.7046508789063,95.6599273681641,95.3323669433594
"School enrollment, secondary, female (% gross)",SE.SEC.ENRR.FE,Algeria,DZA,51.7103004455566,66.6558303833008,101.54451751709,..,..,..,..,..,..,..,..,..
"School enrollment, secondary, female (% gross)",SE.SEC.ENRR.FE,American Samoa,ASM,88.3297576904297,..,..,..,..,..,..,..,..,..,..,..
"School enrollment, secondary, female (% gross)",SE.SEC.ENRR.FE,Andorra,AND,..,..,..,..,..,..,..,..,..,..,..,..
"School enrollment, secondary, female (% gross)",SE.SEC.ENRR.FE,Angola,AGO,..,11.0544099807739,20.7206993103027,..,..,..,..,39.741828918457,..,..,..,..
"School enrollment, secondary, female (% gross)",SE.SEC.ENRR.FE,Antigua and Barbuda,ATG,..,76.6406478881836,111.646896362305,117.620796203613,..,107.299468994141,109.347831726074,..,107.720481872559,109.070098876953,..,..
"School enrollment, secondary, female (% gross)",SE.SEC.ENRR.FE,Argentina,ARG,..,98.2887115478516,106.61547088623,107.977142333984,108.98023223877,109.598106384277,110.158409118652,110.919868469238,111.033462524414,109.94921875,110.406852722168,..
"School enrollment, secondary, female (% gross)",SE.SEC.ENRR.FE,Armenia,ARM,..,96.5084915161133,93.2961883544922,..,87.6699295043945,88.4213790893555,88.3332366943359,..,..,84.8003768920898,88.8832397460938,89.2814407348633
"School enrollment, secondary, female (% gross)",SE.SEC.ENRR.FE,Aruba,ABW,..,98.1132125854492,99.731330871582,112.145751953125,..,..,..,..,..,..,..,..
"School enrollment, secondary, female (% gross)",SE.SEC.ENRR.FE,Australia,AUS,..,..,..,..,..,..,145.888046264648,141.896347045898,141.165374755859,128.636001586914,135.714324951172,..
"School enrollment, secondary, female (% gross)",SE.SEC.ENRR.FE,Austria,AUT,96.5643310546875,96.5994873046875,96.0634384155273,95.9241333007813,97.4180297851563,97.7108306884766,98.4552383422852,98.9174118041992,98.3281021118164,98.0779876708984,98.8835830688477,..
"School enrollment, secondary, female (% gross)",SE.SEC.ENRR.FE,Azerbaijan,AZE,..,..,..,..,..,..,..,..,..,94.539436340332,94.6622772216797,93.0833587646484
"School enrollment, secondary, female (% gross)",SE.SEC.ENRR.FE,"Bahamas, The",BHS,..,..,85.9196395874023,87.9892883300781,78.8660125732422,..,..,..,..,..,..,..
"School enrollment, secondary, female (% gross)",SE.SEC.ENRR.FE,Bahrain,BHR,87.9517517089844,99.9547424316406,94.1978607177734,92.5333862304688,97.2621536254883,99.2258377075195,101.800117492676,104.285873413086,104.073776245117,101.695991516113,101.521987915039,..
"School enrollment, secondary, female (% gross)",SE.SEC.ENRR.FE,Bangladesh,BGD,14.0037403106689,50.5111503601074,56.1982116699219,58.8246116638184,62.5847282409668,..,69.6540603637695,75.0108108520508,75.2174911499023,78.2707290649414,78.2772674560547,81.4880523681641
"School enrollment, secondary, female (% gross)",SE.SEC.ENRR.FE,Barbados,BRB,81.1054306030273,105.577766418457,105.56266784668,..,..,109.670143127441,109.462936401367,109.110473632813,108.569267272949,105.752891540527,104.926162719727,105.690330505371
"School enrollment, secondary, female (% gross)",SE.SEC.ENRR.FE,Belarus,BLR,99.4134521484375,..,105.553451538086,105.230331420898,104.059799194336,104.471618652344,104.637580871582,103.900978088379,102.694519042969,101.690742492676,..,..
"School enrollment, secondary, female (% gross)",SE.SEC.ENRR.FE,Belgium,BEL,102.197723388672,152.375061035156,166.90495300293,168.328216552734,171.390533447266,172.711975097656,174.678436279297,170.359634399414,167.785766601563,165.281265258789,165.744003295898,..
"School enrollment, secondary, female (% gross)",SE.SEC.ENRR.FE,Belize,BLZ,..,69.7880401611328,78.3827896118164,79.4963912963867,81.7717895507813,81.660270690918,81.7486114501953,87.7097396850586,86.1994094848633,87.1159133911133,87.1895065307617,86.8541107177734
"School enrollment, secondary, female (% gross)",SE.SEC.ENRR.FE,Benin,BEN,..,13.6851596832275,37.6361312866211,..,44.805118560791,45.8065910339355,48.9276313781738,50.7318305969238,..,..,..,42.4368705749512
"School enrollment, secondary, female (% gross)",SE.SEC.ENRR.FE,Bermuda,BMU,..,..,82.8952102661133,82.3529434204102,83.1207809448242,82.0160369873047,81.451301574707,..,..,..,..,..
"School enrollment, secondary, female (% gross)",SE.SEC.ENRR.FE,Bhutan,BTN,..,26.5859298706055,69.2425537109375,74.2422180175781,78.6050567626953,85.8575286865234,86.8408432006836,89.7341690063477,92.7517623901367,95.7101135253906,..,..
"School enrollment, secondary, female (% gross)",SE.SEC.ENRR.FE,Bolivia,BOL,..,70.2250518798828,86.2229766845703,87.9928665161133,89.6564102172852,89.993896484375,90.6749420166016,90.5105133056641,89.3130264282227,88.7582702636719,89.1523513793945,..
"School enrollment, secondary, female (% gross)",SE.SEC.ENRR.FE,Bosnia and Herzegovina,BIH,..,..,..,..,..,..,..,..,..,..,..,..
"School enrollment, secondary, female (% gross)",SE.SEC.ENRR.FE,Botswana,BWA,41.368408203125,82.5781707763672,..,..,..,..,..,..,..,..,..,..
"School enrollment, secondary, female (% gross)",SE.SEC.ENRR.FE,Brazil,BRA,..,..,99.8542404174805,97.4616317749023,106.384941101074,105.737396240234,103.402717590332,104.502006530762,102.906318664551,106.66332244873,106.760986328125,..
"School enrollment, secondary, female (% gross)",SE.SEC.ENRR.FE,British Virgin Islands,VGB,101.398597717285,102.127662658691,99.376953125,97.3134307861328,97.7820587158203,97.5425262451172,96.9273681640625,97.3271865844727,..,..,..,97.3786392211914
"School enrollment, secondary, female (% gross)",SE.SEC.ENRR.FE,Brunei Darussalam,BRN,..,85.9476623535156,101.503311157227,107.62744140625,106.93611907959,100.477081298828,97.4572296142578,95.3473434448242,94.2665176391602,94.5994491577148,93.6741485595703,92.9085693359375
"School enrollment, secondary, female (% gross)",SE.SEC.ENRR.FE,Bulgaria,BGR,98.6449432373047,91.7898330688477,91.4171981811523,92.64404296875,99.0633316040039,102.282707214355,100.563499450684,98.0780868530273,96.8239898681641,95.1864166259766,91.5129623413086,..
"School enrollment, secondary, female (% gross)",SE.SEC.ENRR.FE,Burkina Faso,BFA,..,8.23515033721924,20.8483695983887,23.1909103393555,25.969820022583,28.2670001983643,32.3205909729004,34.8719100952148,37.580810546875,40.7299995422363,41.995231628418,41.7809906005859
"School enrollment, secondary, female (% gross)",SE.SEC.ENRR.FE,Burundi,BDI,3.95423007011414,..,22.1474609375,24.8568706512451,29.9406394958496,36.7758598327637,42.8983383178711,47.3560104370117,50.4309310913086,51.0896797180176,48.2849311828613,..
"School enrollment, secondary, female (% gross)",SE.SEC.ENRR.FE,Cabo Verde,CPV,21.7365093231201,..,96.7501678466797,100.750839233398,103.592102050781,101.320739746094,99.9575805664063,98.3790664672852,97.0148315429688,92.4976806640625,92.6867523193359,..
"School enrollment, secondary, female (% gross)",SE.SEC.ENRR.FE,Cambodia,KHM,..,12.1572303771973,..,..,..,..,..,..,..,..,..,57.0872383117676
"School enrollment, secondary, female (% gross)",SE.SEC.ENRR.FE,Cameroon,CMR,21.044620513916,..,44.2270317077637,47.5341110229492,49.2077102661133,52.8348999023438,54.3952407836914,55.4430809020996,..,..,..,..
"School enrollment, secondary, female (% gross)",SE.SEC.ENRR.FE,Canada,CAN,100.244651794434,102.932777404785,102.266876220703,109.856071472168,109.61531829834,109.651222229004,110.857620239258,113.386459350586,114.520637512207,114.747680664063,114.820533752441,..
"School enrollment, secondary, female (% gross)",SE.SEC.ENRR.FE,Cayman Islands,CYM,..,93.1340866088867,79.7781066894531,81.6675033569336,84.4389038085938,..,..,..,..,77.6179809570313,..,75.4717025756836
"School enrollment, secondary, female (% gross)",SE.SEC.ENRR.FE,Central African Republic,CAF,6.76760005950928,..,12.6339597702026,11.9232397079468,..,..,..,11.8409996032715,13.7775497436523,..,..,..
"School enrollment, secondary, female (% gross)",SE.SEC.ENRR.FE,Chad,TCD,2.40475988388062,4.78338003158569,14.0074901580811,13.9688997268677,15.5000896453857,14.2842597961426,13.8637504577637,14.1596403121948,13.9281902313232,13.8878898620605,14.2773399353027,..
"School enrollment, secondary, female (% gross)",SE.SEC.ENRR.FE,Channel Islands,CHI,..,..,..,..,..,..,..,..,..,..,..,..
"School enrollment, secondary, female (% gross)",SE.SEC.ENRR.FE,Chile,CHL,75.9597396850586,86.4905319213867,91.8556594848633,91.084587097168,100.079719543457,101.118476867676,102.118461608887,102.093681335449,102.028419494629,102.389381408691,103.264541625977,..
"School enrollment, secondary, female (% gross)",SE.SEC.ENRR.FE,China,CHN,31.0169200897217,..,..,..,..,..,..,..,..,..,..,..
"School enrollment, secondary, female (% gross)",SE.SEC.ENRR.FE,Colombia,COL,..,76.6919326782227,103.552947998047,99.6059875488281,100.044166564941,98.7378311157227,98.1256408691406,98.1056976318359,98.4574966430664,100.091453552246,103.354629516602,..
"School enrollment, secondary, female (% gross)",SE.SEC.ENRR.FE,Comoros,COM,..,..,..,..,61.1086082458496,63.143741607666,..,..,57.2088508605957,61.4145088195801,..,..
"School enrollment, secondary, female (% gross)",SE.SEC.ENRR.FE,"Congo, Dem. Rep.",COD,..,..,32.0372009277344,32.1181488037109,32.8238410949707,34.8586692810059,35.9809608459473,..,..,..,..,..
"School enrollment, secondary, female (% gross)",SE.SEC.ENRR.FE,"Congo, Rep.",COG,40.8788795471191,..,..,48.8120803833008,..,..,..,..,..,..,..,..
"School enrollment, secondary, female (% gross)",SE.SEC.ENRR.FE,Costa Rica,CRI,44.3809089660645,64.3422622680664,105.92268371582,109.647048950195,117.747703552246,123.411010742188,125.265777587891,129.211273193359,133.506561279297,137.749526977539,146.644683837891,148.034210205078
"School enrollment, secondary, female (% gross)",SE.SEC.ENRR.FE,Cote d'Ivoire,CIV,..,..,..,..,..,31.8424892425537,35.0667915344238,37.6715698242188,41.3305015563965,44.3489303588867,48.3108711242676,51.9554214477539
"School enrollment, secondary, female (% gross)",SE.SEC.ENRR.FE,Croatia,HRV,..,86.4465484619141,101.163566589355,100.805526733398,101.004043579102,100.463096618652,100.96240234375,101.118911743164,101.823532104492,102.458480834961,102.849792480469,..
"School enrollment, secondary, female (% gross)",SE.SEC.ENRR.FE,Cuba,CUB,93.469612121582,83.948127746582,91.5863037109375,90.8091812133789,90.9740676879883,97.6651382446289,99.1233596801758,101.551803588867,102.244598388672,101.949157714844,100.889526367188,100.286239624023
"School enrollment, secondary, female (% gross)",SE.SEC.ENRR.FE,Curacao,CUW,..,..,..,..,90.7919769287109,..,..,..,..,..,..,122.536743164063
"School enrollment, secondary, female (% gross)",SE.SEC.ENRR.FE,Cyprus,CYP,65.1247711181641,94.4401092529297,93.5325469970703,96.1862869262695,98.5265274047852,99.4556884765625,99.4092102050781,98.4232330322266,99.5304489135742,98.9669723510742,99.23193359375,..
"School enrollment, secondary, female (% gross)",SE.SEC.ENRR.FE,Czech Republic,CZE,87.1354064941406,89.2672805786133,95.9003372192383,96.8897171020508,104.375480651855,104.94596862793,105.599388122559,105.086631774902,103.870018005371,102.518440246582,101.807052612305,..
"School enrollment, secondary, female (% gross)",SE.SEC.ENRR.FE,Denmark,DNK,110.668823242188,129.584121704102,123.739837646484,124.252937316895,131.115005493164,132.122497558594,133.365676879883,131.049926757813,129.796188354492,129.7060546875,129.317443847656,..
"School enrollment, secondary, female (% gross)",SE.SEC.ENRR.FE,Djibouti,DJI,..,11.1449899673462,39.4064712524414,41.4992408752441,42.8204498291016,44.9940795898438,45.3221397399902,47.2187118530273,47.5956382751465,51.5313491821289,52.9342193603516,55.2337684631348
"School enrollment, secondary, female (% gross)",SE.SEC.ENRR.FE,Dominica,DMA,76.3733520507813,118.401206970215,92.3271484375,..,..,90.0421676635742,93.7907409667969,..,..,..,102.244812011719,102.875816345215
"School enrollment, secondary, female (% gross)",SE.SEC.ENRR.FE,Dominican Republic,DOM,..,66.1025772094727,82.2182006835938,82.4502792358398,83.5450820922852,84.1911163330078,83.8412094116211,83.4911804199219,83.029411315918,82.9858932495117,85.0124130249023,83.0848083496094
"School enrollment, secondary, female (% gross)",SE.SEC.ENRR.FE,Ecuador,ECU,..,58.3464889526367,98.7572174072266,102.113571166992,104.440742492676,107.169792175293,106.178703308105,105.485862731934,103.646408081055,102.844116210938,101.917907714844,101.816818237305
"School enrollment, secondary, female (% gross)",SE.SEC.ENRR.FE,"Egypt, Arab Rep.",EGY,64.2795562744141,79.151252746582,77.1570892333984,78.064323425293,79.4584121704102,80.6136169433594,..,84.4268264770508,85.9488220214844,87.3008804321289,89.0392913818359,..
"School enrollment, secondary, female (% gross)",SE.SEC.ENRR.FE,El Salvador,SLV,..,57.1612014770508,70.9815673828125,72.9099731445313,77.0807876586914,77.1379089355469,75.6315383911133,73.9065170288086,71.2183303833008,71.4232635498047,68.9671936035156,..
"School enrollment, secondary, female (% gross)",SE.SEC.ENRR.FE,Equatorial Guinea,GNQ,..,14.4912900924683,..,..,..,..,..,..,..,..,..,..
"School enrollment, secondary, female (% gross)",SE.SEC.ENRR.FE,Eritrea,ERI,..,28.5192794799805,48.9557685852051,52.403018951416,53.0756492614746,52.8633499145508,47.5111694335938,..,44.9059791564941,45.3951187133789,..,..
"School enrollment, secondary, female (% gross)",SE.SEC.ENRR.FE,Estonia,EST,..,96.6498336791992,106.638107299805,107.134857177734,107.617370605469,108.072830200195,110.783569335938,115.451278686523,118.220169067383,118.341636657715,117.716209411621,..
"School enrollment, secondary, female (% gross)",SE.SEC.ENRR.FE,Eswatini,SWZ,..,44.1367416381836,65.7227096557617,67.611572265625,70.0602264404297,73.53955078125,76.0313720703125,82.1887588500977,..,..,..,..
"School enrollment, secondary, female (% gross)",SE.SEC.ENRR.FE,Ethiopia,ETH,..,10.8790903091431,33.7490081787109,35.6738014221191,..,..,34.2499198913574,..,..,..,..,..
"School enrollment, secondary, female (% gross)",SE.SEC.ENRR.FE,Faroe Islands,FRO,..,..,..,..,..,..,..,..,..,..,..,..
"School enrollment, secondary, female (% gross)",SE.SEC.ENRR.FE,Fiji,FJI,..,81.9134521484375,94.8739395141602,94.3445816040039,..,..,..,..,..,..,..,..
"School enrollment, secondary, female (% gross)",SE.SEC.ENRR.FE,Finland,FIN,124.126022338867,130.271774291992,110.534629821777,110.816299438477,151.039794921875,153.497253417969,157.451721191406,159.747924804688,161.511962890625,162.63883972168,152.119445800781,..
"School enrollment, secondary, female (% gross)",SE.SEC.ENRR.FE,France,FRA,99.1960067749023,105.565856933594,107.088279724121,106.117530822754,104.996017456055,104.223556518555,103.941093444824,103.741958618164,104.159187316895,104.071128845215,104.370780944824,..
"School enrollment, secondary, female (% gross)",SE.SEC.ENRR.FE,French Polynesia,PYF,77.7684478759766,..,..,..,..,..,..,..,..,..,..,..
"School enrollment, secondary, female (% gross)",SE.SEC.ENRR.FE,Gabon,GAB,..,..,..,..,..,..,..,..,..,..,..,..
"School enrollment, secondary, female (% gross)",SE.SEC.ENRR.FE,"Gambia, The",GMB,10.7248802185059,..,..,..,..,..,..,..,..,..,..,..
"School enrollment, secondary, female (% gross)",SE.SEC.ENRR.FE,Georgia,GEO,..,88.1076736450195,..,..,98.791259765625,99.1421432495117,100.797523498535,101.850357055664,103.958717346191,106.77725982666,106.75269317627,103.086433410645
"School enrollment, secondary, female (% gross)",SE.SEC.ENRR.FE,Germany,DEU,..,98.8684692382813,100.876739501953,99.3399810791016,98.3072204589844,97.2517929077148,96.3832321166992,96.1512298583984,95.223503112793,94.5529708862305,94.7924499511719,..
"School enrollment, secondary, female (% gross)",SE.SEC.ENRR.FE,Ghana,GHA,27.8401699066162,31.5277500152588,52.63623046875,53.4442405700684,64.6032409667969,62.032600402832,66.1012420654297,67.7483673095703,68.0683822631836,70.7866973876953,74.629753112793,77.8389511108398
"School enrollment, secondary, female (% gross)",SE.SEC.ENRR.FE,Gibraltar,GIB,..,91.4728698730469,..,..,..,..,..,109.227470397949,115.749732971191,..,90.559440612793,94.5518493652344
"School enrollment, secondary, female (% gross)",SE.SEC.ENRR.FE,Greece,GRC,90.1995468139648,90.3128967285156,102.164527893066,102.969497680664,103.80680847168,99.224609375,98.4141693115234,99.505126953125,101.369293212891,102.052360534668,105.21257019043,..
"School enrollment, secondary, female (% gross)",SE.SEC.ENRR.FE,Greenland,GRL,..,..,..,..,..,..,..,..,..,..,..,..
"School enrollment, secondary, female (% gross)",SE.SEC.ENRR.FE,Grenada,GRD,96.0972671508789,..,..,..,109.752250671387,110.983871459961,110.707321166992,116.505096435547,116.789863586426,122.099891662598,..,..
"School enrollment, secondary, female (% gross)",SE.SEC.ENRR.FE,Guam,GUM,..,..,..,..,..,..,..,..,..,..,..,..
"School enrollment, secondary, female (% gross)",SE.SEC.ENRR.FE,Guatemala,GTM,..,28.6072292327881,50.9861488342285,51.4145317077637,51.4666709899902,51.1809997558594,52.5550308227539,51.9474296569824,51.4775581359863,51.4381790161133,50.1174697875977,49.9117088317871
"School enrollment, secondary, female (% gross)",SE.SEC.ENRR.FE,Guinea,GIN,4.88375997543335,..,28.9577903747559,..,..,31.0408306121826,..,..,..,..,..,..
"School enrollment, secondary, female (% gross)",SE.SEC.ENRR.FE,Guinea-Bissau,GNB,..,12.6977701187134,..,..,..,..,..,..,..,..,..,..
"School enrollment, secondary, female (% gross)",SE.SEC.ENRR.FE,Guyana,GUY,..,..,99.0068588256836,99.2101974487305,..,..,..,..,..,..,..,..
"School enrollment, secondary, female (% gross)",SE.SEC.ENRR.FE,Haiti,HTI,..,..,..,..,..,..,..,..,..,..,..,..
"School enrollment, secondary, female (% gross)",SE.SEC.ENRR.FE,Honduras,HND,..,..,71.8444671630859,70.2639770507813,67.6600799560547,53.5374603271484,55.3637008666992,55.9342803955078,55.8564300537109,..,70.1901321411133,62.927490234375
"School enrollment, secondary, female (% gross)",SE.SEC.ENRR.FE,"Hong Kong SAR, China",HKG,..,..,86.7682189941406,107.412307739258,100.771713256836,100.504272460938,101.367012023926,102.439430236816,103.66593170166,105.795112609863,106.443359375,107.587692260742
"School enrollment, secondary, female (% gross)",SE.SEC.ENRR.FE,Hungary,HUN,87.6258926391602,96.5163116455078,95.8974914550781,97.1750793457031,105.008460998535,104.505020141602,103.344383239746,102.269309997559,103.567237854004,103.680130004883,86.4889297485352,..
"School enrollment, secondary, female (% gross)",SE.SEC.ENRR.FE,Iceland,ISL,..,110.391807556152,106.989151000977,109.641563415527,120.598487854004,120.705268859863,119.565223693848,117.739219665527,116.899879455566,117.344856262207,113.703453063965,..
"School enrollment, secondary, female (% gross)",SE.SEC.ENRR.FE,India,IND,..,37.3238296508789,64.6692504882813,67.6368637084961,69.4817733764648,75.0392608642578,74.6852874755859,76.038948059082,74.0585098266602,74.954963684082,74.5229568481445,75.2815017700195
"School enrollment, secondary, female (% gross)",SE.SEC.ENRR.FE,Indonesia,IDN,42.4557495117188,54.1741485595703,79.3128204345703,81.5425872802734,81.3490600585938,82.3718185424805,86.2891464233398,86.2720794677734,88.151969909668,90.0409393310547,..,..
"School enrollment, secondary, female (% gross)",SE.SEC.ENRR.FE,"Iran, Islamic Rep.",IRN,44.3068695068359,74.5149765014648,80.2075805664063,81.8966369628906,80.8119888305664,82.2040481567383,82.9718475341797,84.786506652832,84.6544418334961,..,..,..
"School enrollment, secondary, female (% gross)",SE.SEC.ENRR.FE,Iraq,IRQ,..,28.7076301574707,..,..,..,..,..,..,..,..,..,..
"School enrollment, secondary, female (% gross)",SE.SEC.ENRR.FE,Ireland,IRL,101.844436645508,109.549362182617,118.078887939453,119.381332397461,..,118.297927856445,118.652038574219,118.613380432129,124.292877197266,165.307281494141,144.521484375,..
"School enrollment, secondary, female (% gross)",SE.SEC.ENRR.FE,Isle of Man,IMN,..,..,..,..,..,..,..,..,..,..,..,..
"School enrollment, secondary, female (% gross)",SE.SEC.ENRR.FE,Israel,ISR,92.533447265625,104.210418701172,103.920486450195,103.283767700195,103.72647857666,103.831550598145,104.191108703613,106.154678344727,105.994438171387,106.49388885498,105.891090393066,..
"School enrollment, secondary, female (% gross)",SE.SEC.ENRR.FE,Italy,ITA,80.5171203613281,91.2304382324219,102.590461730957,101.429992675781,102.031219482422,101.981048583984,102.103851318359,101.898941040039,100.90071105957,100.627792358398,100.388710021973,..
"School enrollment, secondary, female (% gross)",SE.SEC.ENRR.FE,Jamaica,JAM,..,86.4479217529297,95.4025192260742,..,85.5838775634766,85.3985824584961,83.7557601928711,85.8509979248047,83.6202011108398,83.609489440918,86.1337966918945,83.4076232910156
"School enrollment, secondary, female (% gross)",SE.SEC.ENRR.FE,Japan,JPN,95.9030303955078,..,..,..,..,..,..,102.708961486816,102.771636962891,102.188652038574,..,..
"School enrollment, secondary, female (% gross)",SE.SEC.ENRR.FE,Jordan,JOR,74.5938720703125,84.1426315307617,79.0463180541992,75.2171173095703,71.8535308837891,70.3333435058594,..,..,63.6136817932129,64.1552200317383,66.0014877319336,68.8369598388672
"School enrollment, secondary, female (% gross)",SE.SEC.ENRR.FE,Kazakhstan,KAZ,..,96.1991882324219,100.256286621094,102.70825958252,103.87744140625,107.951217651367,112.235877990723,114.761039733887,114.732749938965,114.718070983887,113.792991638184,103.822746276855
"School enrollment, secondary, female (% gross)",SE.SEC.ENRR.FE,Kenya,KEN,..,37.6787109375,..,..,..,..,..,..,..,..,..,..
"School enrollment, secondary, female (% gross)",SE.SEC.ENRR.FE,Kiribati,KIR,37.3214302062988,70.7317123413086,..,..,..,..,..,..,..,..,..,..
"School enrollment, secondary, female (% gross)",SE.SEC.ENRR.FE,"Korea, Dem. People's Rep.",PRK,..,..,..,..,..,..,92.8659820556641,..,..,..,..,..
"School enrollment, secondary, female (% gross)",SE.SEC.ENRR.FE,"Korea, Rep.",KOR,91.0719375610352,96.2802581787109,96.4944305419922,97.4740829467773,99.0962524414063,99.6125717163086,99.6557998657227,100.065849304199,100.001289367676,98.1410827636719,95.5517730712891,..
"School enrollment, secondary, female (% gross)",SE.SEC.ENRR.FE,Kosovo,XKX,..,..,..,..,..,..,..,..,..,..,..,..
"School enrollment, secondary, female (% gross)",SE.SEC.ENRR.FE,Kuwait,KWT,80.8732299804688,91.8490524291992,95.984977722168,99.2964935302734,97.1050491333008,96.3425521850586,100.955612182617,..,..,..,..,..
"School enrollment, secondary, female (% gross)",SE.SEC.ENRR.FE,Kyrgyz Republic,KGZ,105.297233581543,86.2183990478516,87.6768112182617,88.3214721679688,89.4017105102539,91.1842269897461,91.7015991210938,93.7655487060547,93.7884826660156,95.0467529296875,96.2886810302734,98.0768737792969
"School enrollment, secondary, female (% gross)",SE.SEC.ENRR.FE,Lao PDR,LAO,18.7870197296143,28.0664291381836,41.7808418273926,45.3387489318848,49.7653884887695,55.943431854248,60.6850700378418,63.5544395446777,64.8872680664063,65.0222015380859,63.5662612915039,60.9635200500488
"School enrollment, secondary, female (% gross)",SE.SEC.ENRR.FE,Latvia,LVA,..,91.3850021362305,103.978866577148,104.845741271973,112.935676574707,112.199729919434,111.17414855957,110.434066772461,110.162521362305,108.584571838379,107.570869445801,..
"School enrollment, secondary, female (% gross)",SE.SEC.ENRR.FE,Lebanon,LBN,..,..,..,..,..,..,..,..,..,..,..,..
"School enrollment, secondary, female (% gross)",SE.SEC.ENRR.FE,Lesotho,LSO,27.0398006439209,31.7824592590332,69.2982864379883,71.9537963867188,69.2810821533203,69.3635177612305,69.6569213867188,67.2312698364258,71.256477355957,..,..,..
"School enrollment, secondary, female (% gross)",SE.SEC.ENRR.FE,Liberia,LBR,..,30.2990798950195,41.5413398742676,..,..,33.5756607055664,32.9085693359375,..,..,..,..,..
"School enrollment, secondary, female (% gross)",SE.SEC.ENRR.FE,Libya,LBY,..,..,..,..,..,..,..,..,..,..,..,..
"School enrollment, secondary, female (% gross)",SE.SEC.ENRR.FE,Liechtenstein,LIE,..,..,101.0673828125,101.465690612793,..,103.274223327637,101.72176361084,101.906776428223,105.065116882324,101.641143798828,110.007469177246,..
"School enrollment, secondary, female (% gross)",SE.SEC.ENRR.FE,Lithuania,LTU,..,96.5509796142578,104.555450439453,104.154022216797,106.44571685791,105.846771240234,105.382713317871,104.987312316895,106.040870666504,106.193626403809,106.592376708984,..
"School enrollment, secondary, female (% gross)",SE.SEC.ENRR.FE,Luxembourg,LUX,..,99.8854064941406,102.606941223145,102.12003326416,104.047271728516,103.866760253906,104.237251281738,105.297691345215,104.780006408691,105.362327575684,104.530662536621,..
"School enrollment, secondary, female (% gross)",SE.SEC.ENRR.FE,"Macao SAR, China",MAC,62.9265098571777,85.371337890625,89.4946517944336,90.8650283813477,91.2274780273438,91.9614028930664,93.8076095581055,98.3407821655273,100.112907409668,100.902946472168,100.979370117188,102.667518615723
"School enrollment, secondary, female (% gross)",SE.SEC.ENRR.FE,Madagascar,MDG,18.0439491271973,..,35.801700592041,37.2109107971191,..,37.9808082580566,38.2990303039551,38.20751953125,37.1233787536621,37.063549041748,35.2439117431641,..
"School enrollment, secondary, female (% gross)",SE.SEC.ENRR.FE,Malawi,MWI,12.2826099395752,26.5447101593018,33.0838813781738,33.0299987792969,36.192008972168,38.084400177002,38.9027404785156,36.8617515563965,38.6206893920898,39.918571472168,33.6475715637207,..
"School enrollment, secondary, female (% gross)",SE.SEC.ENRR.FE,Malaysia,MYS,65.6655578613281,80.8864288330078,80.6839370727539,83.4506912231445,84.4300231933594,88.8246612548828,88.6829528808594,87.6148681640625,87.9516677856445,85.4141311645508,86.9933395385742,..
"School enrollment, secondary, female (% gross)",SE.SEC.ENRR.FE,Maldives,MDV,..,53.2309112548828,..,..,..,..,..,..,..,85.8450012207031,78.4045104980469,..
"School enrollment, secondary, female (% gross)",SE.SEC.ENRR.FE,Mali,MLI,4.51955986022949,12.4528903961182,33.8504219055176,..,36.666561126709,37.4082984924316,36.8405494689941,36.6106109619141,37.071361541748,36.9953689575195,..,..
"School enrollment, secondary, female (% gross)",SE.SEC.ENRR.FE,Malta,MLT,79.4070587158203,88.0221633911133,93.3004989624023,95.0576782226563,95.4123306274414,96.1862030029297,97.8451080322266,97.755729675293,104.669700622559,107.358909606934,108.166198730469,..
"School enrollment, secondary, female (% gross)",SE.SEC.ENRR.FE,Marshall Islands,MHL,..,..,..,..,..,..,68.8064193725586,66.6184997558594,..,..,66.3642501831055,65.9426803588867
"School enrollment, secondary, female (% gross)",SE.SEC.ENRR.FE,Mauritania,MRT,8.2471399307251,15.0623598098755,20.9670295715332,24.9661998748779,29.1161708831787,29.3367195129395,30.2652206420898,32.1999206542969,32.6304512023926,37.1401786804199,40.446720123291,..
"School enrollment, secondary, female (% gross)",SE.SEC.ENRR.FE,Mauritius,MUS,52.4746017456055,75.5267486572266,93.0264587402344,95.2046279907227,97.4071578979492,100.828300476074,99.484489440918,99.8118591308594,99.0766067504883,97.7666625976563,98.2892379760742,..
"School enrollment, secondary, female (% gross)",SE.SEC.ENRR.FE,Mexico,MEX,55.3024597167969,72.3933563232422,91.3068771362305,93.6471633911133,95.9470520019531,100.053466796875,104.093780517578,106.149406433105,108.219902038574,109.587608337402,109.537399291992,..
"School enrollment, secondary, female (% gross)",SE.SEC.ENRR.FE,"Micronesia, Fed. Sts.",FSM,..,..,..,..,..,..,..,..,..,..,..,..
"School enrollment, secondary, female (% gross)",SE.SEC.ENRR.FE,Moldova,MDA,..,..,..,..,..,105.127090454102,105.815376281738,106.318313598633,108.131477355957,108.830673217773,108.248222351074,108.144500732422
"School enrollment, secondary, female (% gross)",SE.SEC.ENRR.FE,Monaco,MCO,..,..,..,..,..,..,..,..,..,..,..,..
"School enrollment, secondary, female (% gross)",SE.SEC.ENRR.FE,Mongolia,MNG,..,72.1971435546875,..,..,..,..,..,..,..,..,91.8646621704102,..
"School enrollment, secondary, female (% gross)",SE.SEC.ENRR.FE,Montenegro,MNE,..,..,94.3163833618164,94.4142379760742,..,..,93.504997253418,91.3472366333008,90.5416030883789,90.524299621582,90.9646987915039,91.3377227783203
"School enrollment, secondary, female (% gross)",SE.SEC.ENRR.FE,Morocco,MAR,31.0764999389648,34.3061981201172,61.5229415893555,64.1466674804688,..,..,..,..,75.3322219848633,76.5811920166016,78.17822265625,80.3220520019531
"School enrollment, secondary, female (% gross)",SE.SEC.ENRR.FE,Mozambique,MOZ,5.31309986114502,4.70312976837158,23.9375705718994,23.8544502258301,32.1078109741211,31.5411491394043,31.945499420166,..,33.4451217651367,..,..,..
"School enrollment, secondary, female (% gross)",SE.SEC.ENRR.FE,Myanmar,MMR,18.7215805053711,37.6211090087891,..,..,..,52.3113098144531,..,62.9920310974121,67.1082229614258,71.2975311279297,..,..
"School enrollment, secondary, female (% gross)",SE.SEC.ENRR.FE,Namibia,NAM,40.4006118774414,62.0883407592773,..,..,..,..,..,..,..,..,..,..
"School enrollment, secondary, female (% gross)",SE.SEC.ENRR.FE,Nauru,NRU,..,53.4124603271484,..,71.4285736083984,..,83.1683197021484,..,83.6120376586914,..,..,98.3896865844727,..
"School enrollment, secondary, female (% gross)",SE.SEC.ENRR.FE,Nepal,NPL,19.5361309051514,28.8201103210449,60.1237716674805,64.5348815917969,66.3516998291016,68.1059112548828,69.4369201660156,72.7896499633789,76.7766189575195,..,83.024299621582,86.9007873535156
"School enrollment, secondary, female (% gross)",SE.SEC.ENRR.FE,Netherlands,NLD,113.631790161133,119.722602844238,127.385673522949,127.854347229004,..,..,134.587890625,133.812026977539,136.516906738281,135.008316040039,135.150283813477,..
"School enrollment, secondary, female (% gross)",SE.SEC.ENRR.FE,New Caledonia,NCL,..,..,..,..,..,..,..,..,..,..,..,..
"School enrollment, secondary, female (% gross)",SE.SEC.ENRR.FE,New Zealand,NZL,88.7797088623047,113.987777709961,121.851448059082,120.652206420898,119.194320678711,119.092361450195,118.139167785645,117.846366882324,118.218299865723,118.160430908203,126.509948730469,..
"School enrollment, secondary, female (% gross)",SE.SEC.ENRR.FE,Nicaragua,NIC,..,57.441291809082,..,..,..,..,..,..,..,..,..,..
"School enrollment, secondary, female (% gross)",SE.SEC.ENRR.FE,Niger,NER,3.39715003967285,4.99668979644775,11.0664796829224,12.2966403961182,13.4053297042847,15.3373699188232,16.9862804412842,19.8168697357178,20.7021293640137,..,..,..
"School enrollment, secondary, female (% gross)",SE.SEC.ENRR.FE,Nigeria,NGA,21.4962196350098,22.4468803405762,41.8879890441895,44.9511108398438,53.5122108459473,43.0058212280273,44.6719818115234,39.8297386169434,..,42.411548614502,..,..
"School enrollment, secondary, female (% gross)",SE.SEC.ENRR.FE,North Macedonia,MKD,..,79.9734878540039,..,81.561393737793,79.763069152832,79.3046569824219,81.1641464233398,..,80.3052062988281,79.1018981933594,..,..
"School enrollment, secondary, female (% gross)",SE.SEC.ENRR.FE,Northern Mariana Islands,MNP,..,..,..,..,..,..,..,..,..,..,..,..
"School enrollment, secondary, female (% gross)",SE.SEC.ENRR.FE,Norway,NOR,102.979698181152,117.505676269531,111.506172180176,109.744407653809,111.391159057617,110.815559387207,113.161102294922,114.656341552734,114.223983764648,114.707901000977,115.607177734375,..
"School enrollment, secondary, female (% gross)",SE.SEC.ENRR.FE,Oman,OMN,35.1926383972168,77.923713684082,97.5495376586914,99.4230117797852,100.549072265625,..,102.405227661133,104.090156555176,102.586700439453,102.461303710938,102.395797729492,102.580451965332
"School enrollment, secondary, female (% gross)",SE.SEC.ENRR.FE,Pakistan,PAK,12.8109998703003,..,28.8733501434326,29.4289207458496,30.2607898712158,32.836971282959,34.8973197937012,36.5567016601563,36.0808906555176,39.1479911804199,41.5903205871582,..
"School enrollment, secondary, female (% gross)",SE.SEC.ENRR.FE,Palau,PLW,..,90.827522277832,..,..,121.661720275879,122.910217285156,..,..,..,..,..,157.979507446289
"School enrollment, secondary, female (% gross)",SE.SEC.ENRR.FE,Panama,PAN,61.0708312988281,67.0395584106445,73.4652328491211,..,77.69580078125,77.8352279663086,77.8723831176758,83.0830688476563,78.2783966064453,..,..,79.5303115844727
"School enrollment, secondary, female (% gross)",SE.SEC.ENRR.FE,Papua New Guinea,PNG,8.16127967834473,..,..,33.0275001525879,..,..,..,..,..,41.5867004394531,..,..
"School enrollment, secondary, female (% gross)",SE.SEC.ENRR.FE,Paraguay,PRY,31.6882705688477,62.8606414794922,72.0173568725586,78.6439971923828,..,..,..,..,..,..,..,79.6511535644531
"School enrollment, secondary, female (% gross)",SE.SEC.ENRR.FE,Peru,PER,..,78.5265121459961,94.1889572143555,91.9220275878906,97.6459503173828,96.3000869750977,97.3866577148438,100.632339477539,102.530387878418,103.639091491699,105.598503112793,106.907516479492
"School enrollment, secondary, female (% gross)",SE.SEC.ENRR.FE,Philippines,PHL,73.3878631591797,..,..,..,..,90.8691787719727,91.4951400756836,92.5242080688477,90.6489791870117,88.6372528076172,93.9068603515625,..
"School enrollment, secondary, female (% gross)",SE.SEC.ENRR.FE,Poland,POL,89.8426132202148,99.3561782836914,95.5844497680664,95.717903137207,105.353569030762,104.781631469727,105.676750183105,106.73462677002,108.076042175293,110.328437805176,110.126617431641,..
"School enrollment, secondary, female (% gross)",SE.SEC.ENRR.FE,Portugal,PRT,60.0074195861816,108.196899414063,107.585540771484,108.652000427246,118.527122497559,114.66690826416,116.908897399902,116.407569885254,118.700019836426,120.573669433594,120.905891418457,..
"School enrollment, secondary, female (% gross)",SE.SEC.ENRR.FE,Puerto Rico,PRI,..,..,82.8182830810547,87.2340393066406,89.7717437744141,..,..,..,..,..,..,..
"School enrollment, secondary, female (% gross)",SE.SEC.ENRR.FE,Qatar,QAT,91.0545120239258,94.7544097900391,..,..,..,..,..,..,..,..,..,..
"School enrollment, secondary, female (% gross)",SE.SEC.ENRR.FE,Romania,ROU,97.0976409912109,80.7527618408203,97.6118392944336,97.0135192871094,96.0302276611328,94.2074279785156,92.9453964233398,91.0323791503906,91.4331665039063,89.1825866699219,88.2191162109375,..
"School enrollment, secondary, female (% gross)",SE.SEC.ENRR.FE,Russian Federation,RUS,..,..,91.0532073974609,94.7164688110352,96.8499984741211,97.6614532470703,100.952796936035,101.486961364746,102.055923461914,102.168159484863,102.139167785645,..
"School enrollment, secondary, female (% gross)",SE.SEC.ENRR.FE,Rwanda,RWA,14.4096298217773,10.7997198104858,36.2770881652832,39.6838188171387,42.2042198181152,41.9104881286621,39.392448425293,39.0143203735352,41.1149482727051,43.2754592895508,47.0484809875488,..
"School enrollment, secondary, female (% gross)",SE.SEC.ENRR.FE,Samoa,WSM,..,83.8967437744141,93.5109634399414,93.2318801879883,..,99.6281127929688,99.1276931762695,98.0178833007813,..,..,..,..
"School enrollment, secondary, female (% gross)",SE.SEC.ENRR.FE,San Marino,SMR,..,..,..,..,..,..,..,..,..,56.9326095581055,57.7995491027832,60.7333793640137
"School enrollment, secondary, female (% gross)",SE.SEC.ENRR.FE,Sao Tome and Principe,STP,..,..,53.9127502441406,61.7271614074707,67.8637924194336,78.6769866943359,86.9031524658203,88.6687393188477,95.8586120605469,..,..,..
"School enrollment, secondary, female (% gross)",SE.SEC.ENRR.FE,Saudi Arabia,SAU,..,..,..,..,..,..,114.996276855469,107.630783081055,101.979972839355,106.822601318359,106.119041442871,108.313690185547
"School enrollment, secondary, female (% gross)",SE.SEC.ENRR.FE,Senegal,SEN,10.3103399276733,12.3662595748901,39.6413383483887,43.9631690979004,47.3541107177734,50.1484184265137,..,..,..,..,49.1213684082031,50.0895805358887
"School enrollment, secondary, female (% gross)",SE.SEC.ENRR.FE,Serbia,SRB,..,92.1466674804688,94.8221206665039,95.5591888427734,95.7280197143555,95.4097366333008,97.3809509277344,96.882682800293,95.8786926269531,95.5646591186523,94.9925765991211,92.9392471313477
"School enrollment, secondary, female (% gross)",SE.SEC.ENRR.FE,Seychelles,SYC,..,76.3796463012695,74.3220291137695,81.2174987792969,82.3114166259766,81.2290496826172,84.3623275756836,86.5610885620117,85.9139099121094,84.1952667236328,81.1308288574219,81.5981063842773
"School enrollment, secondary, female (% gross)",SE.SEC.ENRR.FE,Sierra Leone,SLE,10.8883399963379,..,33.8931694030762,40.6807708740234,36.3209495544434,..,36.5293807983398,39.8092384338379,41.0624008178711,..,..,..
"School enrollment, secondary, female (% gross)",SE.SEC.ENRR.FE,Singapore,SGP,..,..,..,..,..,..,..,107.479942321777,107.00023651123,105.323432922363,104.281410217285,..
"School enrollment, secondary, female (% gross)",SE.SEC.ENRR.FE,Sint Maarten (Dutch part),SXM,..,..,..,103.661781311035,..,88.5117492675781,..,..,..,..,..,..
"School enrollment, secondary, female (% gross)",SE.SEC.ENRR.FE,Slovak Republic,SVK,..,86.4263534545898,92.9586410522461,92.86279296875,91.6049880981445,91.2067489624023,91.466796875,91.7534790039063,91.6302032470703,91.9142913818359,91.4267807006836,..
"School enrollment, secondary, female (% gross)",SE.SEC.ENRR.FE,Slovenia,SVN,..,102.636840820313,98.4224624633789,98.2588882446289,111.364799499512,110.873062133789,111.001792907715,117.506141662598,117.059028625488,115.907737731934,114.14518737793,..
"School enrollment, secondary, female (% gross)",SE.SEC.ENRR.FE,Solomon Islands,SLB,10.5134696960449,17.9055194854736,45.5668601989746,47.0214691162109,..,..,..,..,..,..,..,..
"School enrollment, secondary, female (% gross)",SE.SEC.ENRR.FE,Somalia,SOM,..,..,..,..,..,..,..,..,..,..,..,..
"School enrollment, secondary, female (% gross)",SE.SEC.ENRR.FE,South Africa,ZAF,74.4284973144531,85.4968719482422,98.8816223144531,101.680328369141,..,112.824890136719,108.751663208008,112.091461181641,109.032257080078,103.968086242676,105.669982910156,..
"School enrollment, secondary, female (% gross)",SE.SEC.ENRR.FE,South Sudan,SSD,..,..,6.54215002059937,..,..,..,7.66850996017456,..,..,..,..,..
"School enrollment, secondary, female (% gross)",SE.SEC.ENRR.FE,Spain,ESP,104.028686523438,113.970527648926,121.802268981934,123.335990905762,123.358856201172,123.433479309082,124.562622070313,126.414848327637,126.88020324707,127.382331848145,127.790512084961,..
"School enrollment, secondary, female (% gross)",SE.SEC.ENRR.FE,Sri Lanka,LKA,86.1794509887695,..,99.9783020019531,101.769859313965,101.758888244629,..,..,99.2813720703125,100.487457275391,102.632118225098,..,..
"School enrollment, secondary, female (% gross)",SE.SEC.ENRR.FE,St. Kitts and Nevis,KNA,..,118.639053344727,104.741172790527,88.8305511474609,122.132316589355,105.040809631348,107.454627990723,108.658233642578,..,..,..,..
"School enrollment, secondary, female (% gross)",SE.SEC.ENRR.FE,St. Lucia,LCA,59.3797492980957,83.4341583251953,91.515510559082,88.8212432861328,87.7624969482422,87.257942199707,88.1201400756836,88.9447937011719,89.1631393432617,89.4392013549805,88.6277008056641,91.0203399658203
"School enrollment, secondary, female (% gross)",SE.SEC.ENRR.FE,St. Martin (French part),MAF,..,..,..,..,..,..,..,..,..,..,..,..
"School enrollment, secondary, female (% gross)",SE.SEC.ENRR.FE,St. Vincent and the Grenadines,VCT,..,94.6526794433594,101.676742553711,101.937049865723,103.999168395996,106.493232727051,107.740272521973,108.055740356445,108.607650756836,108.67497253418,..,..
"School enrollment, secondary, female (% gross)",SE.SEC.ENRR.FE,Sudan,SDN,..,..,35.8817405700684,39.3108215332031,42.3202514648438,42.6881904602051,45.2723693847656,43.6823883056641,46.9573783874512,46.3308792114258,..,..
"School enrollment, secondary, female (% gross)",SE.SEC.ENRR.FE,Suriname,SUR,64.6270980834961,..,81.3547515869141,83.3872985839844,85.2911071777344,85.4357833862305,88.6393737792969,..,..,..,..,..
"School enrollment, secondary, female (% gross)",SE.SEC.ENRR.FE,Sweden,SWE,91.7042694091797,170.476379394531,96.4696502685547,97.4756317138672,136.87028503418,141.64143371582,149.977798461914,153.283218383789,157.907012939453,156.674957275391,151.172134399414,..
"School enrollment, secondary, female (% gross)",SE.SEC.ENRR.FE,Switzerland,CHE,92.6410903930664,92.4589614868164,95.1592330932617,95.0694885253906,97.6321716308594,..,99.6399917602539,100.554092407227,100.174949645996,99.9420623779297,99.4653167724609,..
"School enrollment, secondary, female (% gross)",SE.SEC.ENRR.FE,Syrian Arab Republic,SYR,42.5687294006348,41.9628295898438,74.4377670288086,77.8451080322266,52.3813591003418,..,..,..,..,..,..,..
"School enrollment, secondary, female (% gross)",SE.SEC.ENRR.FE,Tajikistan,TJK,..,67.1718673706055,80.1012725830078,82.3567504882813,83.8061294555664,..,..,..,..,..,..,..
"School enrollment, secondary, female (% gross)",SE.SEC.ENRR.FE,Tanzania,TZA,..,..,..,..,..,30.1576900482178,27.0102291107178,26.8027992248535,27.665599822998,30.1285190582275,32.0248718261719,32.8890991210938
"School enrollment, secondary, female (% gross)",SE.SEC.ENRR.FE,Thailand,THA,29.1069507598877,..,88.1180725097656,86.7560119628906,85.7204513549805,123.606117248535,118.224449157715,118.375686645508,114.378532409668,116.513488769531,113.355476379395,112.34073638916
"School enrollment, secondary, female (% gross)",SE.SEC.ENRR.FE,Timor-Leste,TLS,..,..,65.967903137207,67.4555282592773,67.1264038085938,70.4088134765625,74.3750762939453,79.2990264892578,83.8083419799805,87.0253524780273,90.5235977172852,..
"School enrollment, secondary, female (% gross)",SE.SEC.ENRR.FE,Togo,TGO,10.916130065918,19.7478694915771,..,..,..,..,..,..,52.063289642334,..,..,..
"School enrollment, secondary, female (% gross)",SE.SEC.ENRR.FE,Tonga,TON,97.519287109375,112.936729431152,104.044006347656,96.0690612792969,96.7512435913086,99.9061431884766,102.398300170898,..,..,..,100.563957214355,95.6421966552734
"School enrollment, secondary, female (% gross)",SE.SEC.ENRR.FE,Trinidad and Tobago,TTO,84.6959533691406,..,..,..,..,..,..,..,..,..,..,..
"School enrollment, secondary, female (% gross)",SE.SEC.ENRR.FE,Tunisia,TUN,39.0478706359863,76.177490234375,95.2787475585938,..,..,..,..,99.3189697265625,..,..,..,..
"School enrollment, secondary, female (% gross)",SE.SEC.ENRR.FE,Turkey,TUR,37.7713317871094,61.6823692321777,84.4965896606445,82.8779220581055,98.8426513671875,101.441253662109,101.45654296875,101.472229003906,103.387367248535,103.178749084473,102.042877197266,..
"School enrollment, secondary, female (% gross)",SE.SEC.ENRR.FE,Turkmenistan,TKM,..,..,..,..,..,..,..,..,..,..,88.8311614990234,92.4450378417969
"School enrollment, secondary, female (% gross)",SE.SEC.ENRR.FE,Turks and Caicos Islands,TCA,..,74.5762710571289,..,..,..,69.8012237548828,76.2114486694336,..,..,77.5978393554688,..,..
"School enrollment, secondary, female (% gross)",SE.SEC.ENRR.FE,Tuvalu,TUV,78.2258071899414,..,..,..,..,85.2546920776367,90.9090881347656,76.7834014892578,..,71.1949691772461,68.811882019043,63.0036582946777
"School enrollment, secondary, female (% gross)",SE.SEC.ENRR.FE,Uganda,UGA,8.43640041351318,..,..,..,..,..,..,..,..,..,..,..
"School enrollment, secondary, female (% gross)",SE.SEC.ENRR.FE,Ukraine,UKR,..,102.706062316895,92.0881881713867,95.3786087036133,95.0410995483398,95.0315322875977,..,..,..,..,..,..
"School enrollment, secondary, female (% gross)",SE.SEC.ENRR.FE,United Arab Emirates,ARE,66.6819610595703,..,..,..,..,..,..,93.3265228271484,100.396217346191,..,101.479217529297,104.001007080078
"School enrollment, secondary, female (% gross)",SE.SEC.ENRR.FE,United Kingdom,GBR,85.8231811523438,102.403762817383,94.1325988769531,91.5524291992188,126.469108581543,128.808746337891,126.368293762207,..,127.709968566895,122.352378845215,120.080551147461,..
"School enrollment, secondary, female (% gross)",SE.SEC.ENRR.FE,United States,USA,91.5366287231445,..,..,..,96.3090591430664,97.5130462646484,98.1735763549805,98.4747085571289,98.695556640625,98.7960586547852,99.189453125,..
"School enrollment, secondary, female (% gross)",SE.SEC.ENRR.FE,Uruguay,URY,..,104.66822052002,..,..,..,..,..,..,126.595359802246,127.675270080566,129.66828918457,..
"School enrollment, secondary, female (% gross)",SE.SEC.ENRR.FE,Uzbekistan,UZB,..,86.7026290893555,89.8812713623047,91.7640075683594,91.3545227050781,91.4748306274414,91.2884521484375,92.0071487426758,92.7364273071289,94.5530319213867,97.1457901000977,..
"School enrollment, secondary, female (% gross)",SE.SEC.ENRR.FE,Vanuatu,VUT,..,37.0248603820801,..,..,..,..,54.9492492675781,..,..,..,..,55.2705383300781
"School enrollment, secondary, female (% gross)",SE.SEC.ENRR.FE,"Venezuela, RB",VEN,..,66.0649871826172,87.5756072998047,89.7974090576172,97.5720520019531,96.2830963134766,94.4869918823242,91.3587036132813,91.564826965332,..,..,..
"School enrollment, secondary, female (% gross)",SE.SEC.ENRR.FE,Vietnam,VNM,..,..,..,..,..,..,..,..,..,..,..,..
"School enrollment, secondary, female (% gross)",SE.SEC.ENRR.FE,Virgin Islands (U.S.),VIR,105.401840209961,..,..,..,..,..,..,..,..,..,..,..
"School enrollment, secondary, female (% gross)",SE.SEC.ENRR.FE,West Bank and Gaza,PSE,..,80.1474685668945,88.4247131347656,87.8164901733398,87.9003601074219,88.4050064086914,89.9211120605469,91.2532577514648,93.0575332641602,93.8994369506836,94.9592590332031,95.4658966064453
"School enrollment, secondary, female (% gross)",SE.SEC.ENRR.FE,"Yemen, Rep.",YEM,..,..,35.6371116638184,36.9317893981934,39.9831314086914,..,..,43.2584915161133,..,..,..,..
"School enrollment, secondary, female (% gross)",SE.SEC.ENRR.FE,Zambia,ZMB,..,..,..,..,..,..,..,..,..,..,..,..
"School enrollment, secondary, female (% gross)",SE.SEC.ENRR.FE,Zimbabwe,ZWE,40.6467399597168,42.2582397460938,..,50.1543388366699,51.3457412719727,..,..,..,..,..,..,..
"School enrollment, secondary, female (% gross)",SE.SEC.ENRR.FE,Africa Eastern and Southern,AFE,..,..,..,..,..,..,..,..,..,..,..,..
"School enrollment, secondary, female (% gross)",SE.SEC.ENRR.FE,Africa Western and Central,AFW,..,..,..,..,..,..,..,..,..,..,..,..
"School enrollment, secondary, female (% gross)",SE.SEC.ENRR.FE,Arab World,ARB,45.2508506774902,56.2478981018066,67.3417510986328,68.2847595214844,67.1155319213867,67.7779006958008,68.762451171875,68.7322311401367,69.1978073120117,70.0085220336914,70.6423568725586,..
"School enrollment, secondary, female (% gross)",SE.SEC.ENRR.FE,Caribbean small states,CSS,73.6050491333008,86.804313659668,92.6488723754883,90.9338073730469,88.9027328491211,88.9334106445313,87.7306137084961,89.6499404907227,89.2044525146484,88.9354705810547,90.3637390136719,..
"School enrollment, secondary, female (% gross)",SE.SEC.ENRR.FE,Central Europe and the Baltics,CEB,91.8866882324219,91.7644882202148,96.4838714599609,96.6872634887695,101.932312011719,101.427467346191,101.261962890625,100.94799041748,101.419036865234,101.311851501465,98.7392730712891,..
"School enrollment, secondary, female (% gross)",SE.SEC.ENRR.FE,Early-demographic dividend,EAR,34.9714698791504,46.496280670166,65.9029083251953,67.944221496582,69.6870269775391,72.9395065307617,73.7089080810547,75.0200424194336,74.4651412963867,75.5912628173828,75.907096862793,..
"School enrollment, secondary, female (% gross)",SE.SEC.ENRR.FE,East Asia & Pacific,EAS,39.802619934082,60.8453598022461,84.5861434936523,84.8313980102539,85.4871063232422,84.855339050293,84.970458984375,84.5602722167969,85.1679000854492,86.2196426391602,87.696403503418,..
"School enrollment, secondary, female (% gross)",SE.SEC.ENRR.FE,East Asia & Pacific (excluding high income),EAP,34.3020782470703,57.4758987426758,82.8451690673828,83.0142517089844,83.700080871582,83.0277633666992,83.1430587768555,82.7327728271484,83.4128189086914,84.7514419555664,86.3241195678711,..
"School enrollment, secondary, female (% gross)",SE.SEC.ENRR.FE,East Asia & Pacific (IDA & IBRD countries),TEA,33.6568412780762,57.0724411010742,82.7056732177734,82.8760375976563,83.5711364746094,82.8881225585938,83.004997253418,82.5892791748047,83.2817687988281,84.6422500610352,86.2384490966797,..
"School enrollment, secondary, female (% gross)",SE.SEC.ENRR.FE,Euro area,EMU,94.5940017700195,102.709022521973,108.069633483887,107.551338195801,108.334861755371,107.804389953613,107.921569824219,107.915252685547,107.910316467285,108.178596496582,108.078010559082,..
"School enrollment, secondary, female (% gross)",SE.SEC.ENRR.FE,Europe & Central Asia,ECS,90.4950866699219,93.8799819946289,97.0712585449219,97.438606262207,103.353248596191,104.074119567871,104.164001464844,104.514060974121,104.803436279297,104.616477966309,104.097801208496,..
"School enrollment, secondary, female (% gross)",SE.SEC.ENRR.FE,Europe & Central Asia (excluding high income),ECA,88.0873107910156,86.0939712524414,89.7151489257813,90.9352798461914,95.6694717407227,97.0713500976563,97.2954177856445,97.8718872070313,98.2786483764648,98.3909530639648,98.2590637207031,..
"School enrollment, secondary, female (% gross)",SE.SEC.ENRR.FE,Europe & Central Asia (IDA & IBRD countries),TEC,88.1488876342773,87.0910797119141,90.2235870361328,91.3504486083984,96.3330001831055,97.5771408081055,97.8274917602539,98.4079132080078,98.8470916748047,99.0590362548828,98.9113235473633,..
"School enrollment, secondary, female (% gross)",SE.SEC.ENRR.FE,European Union,EUU,93.1538772583008,101.314102172852,103.960662841797,103.409126281738,110.416603088379,110.373748779297,110.227096557617,110.249778747559,110.50968170166,109.977256774902,109.074882507324,..
"School enrollment, secondary, female (% gross)",SE.SEC.ENRR.FE,Fragile and conflict affected situations,FCS,23.1328792572021,25.740270614624,40.0125617980957,41.5179405212402,43.2822494506836,41.303539276123,42.211971282959,41.5597114562988,42.2833595275879,42.7671508789063,42.658260345459,..
"School enrollment, secondary, female (% gross)",SE.SEC.ENRR.FE,Heavily indebted poor countries (HIPC),HPC,14.6407403945923,17.6525897979736,33.0379905700684,34.3366203308105,35.6502304077148,36.0917282104492,36.6089706420898,36.9148902893066,37.3961715698242,37.9350090026855,38.0925712585449,..
"School enrollment, secondary, female (% gross)",SE.SEC.ENRR.FE,High income,HIC,91.9720916748047,99.4876098632813,101.495002746582,101.86897277832,105.438377380371,105.955253601074,106.410140991211,106.35083770752,106.443962097168,106.116302490234,105.932678222656,..
"School enrollment, secondary, female (% gross)",SE.SEC.ENRR.FE,IBRD only,IBD,44.9270515441895,59.5623397827148,78.7413635253906,79.8715591430664,81.8941268920898,83.8318176269531,83.6569976806641,84.1797714233398,83.6184997558594,84.5332107543945,84.986701965332,..
"School enrollment, secondary, female (% gross)",SE.SEC.ENRR.FE,IDA & IBRD total,IBT,39.6621589660645,51.7707290649414,67.2455673217773,68.2918167114258,70.03173828125,71.1355285644531,71.2060623168945,71.5607223510742,71.2171401977539,72.098747253418,72.3865585327148,..
"School enrollment, secondary, female (% gross)",SE.SEC.ENRR.FE,IDA blend,IDB,26.3192501068115,28.2139701843262,41.2644386291504,42.7317810058594,45.838981628418,43.708568572998,45.1318092346191,44.2706718444824,44.5325508117676,46.2694091796875,47.3718795776367,..
"School enrollment, secondary, female (% gross)",SE.SEC.ENRR.FE,IDA only,IDX,16.5652198791504,26.7144508361816,39.8933181762695,41.3362808227539,42.2119102478027,42.949291229248,44.0059013366699,45.2307281494141,45.7365989685059,46.6415901184082,46.626781463623,..
"School enrollment, secondary, female (% gross)",SE.SEC.ENRR.FE,IDA total,IDA,20.3453598022461,27.4510498046875,40.4899215698242,41.9271812438965,43.5456085205078,43.3258590698242,44.4965896606445,45.0100288391113,45.4303207397461,46.6133117675781,46.976188659668,..
"School enrollment, secondary, female (% gross)",SE.SEC.ENRR.FE,Late-demographic dividend,LTE,50.7107315063477,70.503288269043,89.0380630493164,88.759147644043,90.9021682739258,90.0556030273438,89.2985534667969,88.9229431152344,89.0977630615234,90.6413192749023,91.8718795776367,..
"School enrollment, secondary, female (% gross)",SE.SEC.ENRR.FE,Latin America & Caribbean,LCN,79.1923675537109,88.0166702270508,92.8963394165039,92.5632781982422,97.1455383300781,97.3624725341797,97.3626022338867,98.1417617797852,98.0225296020508,99.6914978027344,100.265830993652,..
"School enrollment, secondary, female (% gross)",SE.SEC.ENRR.FE,Latin America & Caribbean (excluding high income),LAC,79.8371200561523,88.8682708740234,93.1057434082031,92.6343612670898,97.0107879638672,97.2618179321289,97.2914581298828,98.3095092773438,98.1215133666992,99.91943359375,100.496116638184,..
"School enrollment, secondary, female (% gross)",SE.SEC.ENRR.FE,Latin America & the Caribbean (IDA & IBRD countries),TLA,78.8142166137695,88.0617065429688,92.9632034301758,92.6077575683594,97.2665481567383,97.3912734985352,97.351188659668,98.1642303466797,98.0072937011719,99.7190399169922,100.304733276367,..
"School enrollment, secondary, female (% gross)",SE.SEC.ENRR.FE,Least developed countries: UN classification,LDC,13.2683601379395,24.4913291931152,36.9820709228516,38.5775108337402,40.1571006774902,41.3073997497559,42.3793983459473,43.7117500305176,44.1685981750488,44.9222412109375,44.667350769043,..
"School enrollment, secondary, female (% gross)",SE.SEC.ENRR.FE,Low & middle income,LMY,39.4420585632324,51.498649597168,67.0854263305664,68.1339111328125,69.7982406616211,70.9293975830078,71.0118408203125,71.3866806030273,71.0435485839844,71.9259872436523,72.2154922485352,..
"School enrollment, secondary, female (% gross)",SE.SEC.ENRR.FE,Low income,LIC,18.1641502380371,19.1910495758057,33.6975898742676,34.8281517028809,34.5537986755371,34.8008117675781,35.1775016784668,35.327751159668,35.7360687255859,35.8652114868164,35.552661895752,..
"School enrollment, secondary, female (% gross)",SE.SEC.ENRR.FE,Lower middle income,LMC,32.671501159668,42.9494895935059,60.715950012207,62.8262100219727,64.5776519775391,66.9380798339844,67.6504821777344,68.6519775390625,68.1460266113281,69.3846130371094,69.6874465942383,..
"School enrollment, secondary, female (% gross)",SE.SEC.ENRR.FE,Middle East & North Africa,MEA,48.3630485534668,65.0219879150391,75.8529281616211,76.8675918579102,75.2905807495117,76.4506912231445,77.4471435546875,78.0070190429688,78.2145385742188,79.1235122680664,79.7905120849609,..
"School enrollment, secondary, female (% gross)",SE.SEC.ENRR.FE,Middle East & North Africa (excluding high income),MNA,47.3918685913086,63.6939582824707,73.3224334716797,74.0637512207031,71.881217956543,72.789421081543,73.5565185546875,74.676513671875,75.2098922729492,75.7904281616211,76.5796813964844,..
"School enrollment, secondary, female (% gross)",SE.SEC.ENRR.FE,Middle East & North Africa (IDA & IBRD countries),TMN,47.1420593261719,63.4607391357422,73.02197265625,73.7863311767578,71.5459213256836,72.4530487060547,73.2025527954102,74.3167724609375,74.822021484375,75.3960723876953,76.1782531738281,..
"School enrollment, secondary, female (% gross)",SE.SEC.ENRR.FE,Middle income,MIC,41.0708618164063,54.3388900756836,71.2572326660156,72.4140625,74.463737487793,75.7865905761719,75.9556427001953,76.4830017089844,76.112678527832,77.2031478881836,77.6947937011719,..
"School enrollment, secondary, female (% gross)",SE.SEC.ENRR.FE,North America,NAC,92.3797836303711,95.5588073730469,96.7112121582031,97.4471664428711,97.4947662353516,98.5818023681641,99.2705993652344,99.739860534668,100.030883789063,100.140380859375,100.511070251465,..
"School enrollment, secondary, female (% gross)",SE.SEC.ENRR.FE,Not classified,INX,..,..,..,..,..,..,..,..,..,..,..,..
"School enrollment, secondary, female (% gross)",SE.SEC.ENRR.FE,OECD members,OED,84.0800628662109,93.5692291259766,99.2574081420898,99.2264633178711,103.574996948242,104.561637878418,105.238761901855,105.664176940918,106.305061340332,106.162109375,106.075141906738,..
"School enrollment, secondary, female (% gross)",SE.SEC.ENRR.FE,Other small states,OSS,43.4812393188477,53.230339050293,66.720573425293,67.5093231201172,67.7966003417969,68.5744400024414,68.8940582275391,69.219856262207,69.6251525878906,69.7460327148438,69.8459396362305,..
"School enrollment, secondary, female (% gross)",SE.SEC.ENRR.FE,Pacific island small states,PSS,62.4099884033203,64.8411331176758,76.8438262939453,76.2274627685547,76.0042419433594,..,..,..,..,..,..,..
"School enrollment, secondary, female (% gross)",SE.SEC.ENRR.FE,Post-demographic dividend,PST,93.8890228271484,100.732460021973,101.61792755127,101.913772583008,105.084671020508,105.565376281738,105.435661315918,105.770622253418,105.706939697266,104.905448913574,104.720596313477,..
"School enrollment, secondary, female (% gross)",SE.SEC.ENRR.FE,Pre-demographic dividend,PRE,16.25758934021,18.652530670166,33.5243186950684,35.0788688659668,37.8595581054688,36.5317916870117,37.4384689331055,36.8866996765137,37.6117210388184,38.234001159668,38.2573318481445,..
"School enrollment, secondary, female (% gross)",SE.SEC.ENRR.FE,Small states,SST,52.5604286193848,60.7265396118164,72.1269226074219,72.3156890869141,72.1120986938477,72.6387634277344,72.5811233520508,73.0514297485352,73.1957397460938,73.1639709472656,73.3854293823242,..
"School enrollment, secondary, female (% gross)",SE.SEC.ENRR.FE,South Asia,SAS,26.0987091064453,36.7165412902832,59.0863914489746,61.6706008911133,63.4778900146484,68.1512832641602,68.4723663330078,70.2070617675781,68.8200073242188,70.216796875,70.2244567871094,..
"School enrollment, secondary, female (% gross)",SE.SEC.ENRR.FE,South Asia (IDA & IBRD),TSA,26.0987091064453,36.7165412902832,59.0863914489746,61.6706008911133,63.4778900146484,68.1512832641602,68.4723663330078,70.2070617675781,68.8200073242188,70.216796875,70.2244567871094,..
"School enrollment, secondary, female (% gross)",SE.SEC.ENRR.FE,Sub-Saharan Africa,SSF,19.9509696960449,23.0377597808838,36.9254608154297,38.4964408874512,41.2441215515137,40.0934181213379,40.6725807189941,40.2092399597168,40.6241416931152,40.9514503479004,41.1027183532715,..
"School enrollment, secondary, female (% gross)",SE.SEC.ENRR.FE,Sub-Saharan Africa (excluding high income),SSA,19.9406700134277,23.0313091278076,36.9225196838379,38.4932403564453,41.2411689758301,40.0905799865723,40.6696701049805,40.2062606811523,40.6212882995605,40.9487686157227,41.100269317627,..
"School enrollment, secondary, female (% gross)",SE.SEC.ENRR.FE,Sub-Saharan Africa (IDA & IBRD countries),TSS,19.9509696960449,23.0377597808838,36.9254608154297,38.4964408874512,41.2441215515137,40.0934181213379,40.6725807189941,40.2092399597168,40.6241416931152,40.9514503479004,41.1027183532715,..
"School enrollment, secondary, female (% gross)",SE.SEC.ENRR.FE,Upper middle income,UMC,50.8868103027344,70.5511093139648,90.0416488647461,89.763671875,92.4736022949219,92.2031173706055,91.6083602905273,91.4476928710938,91.6295013427734,92.7529525756836,93.7944717407227,..
"School enrollment, secondary, female (% gross)",SE.SEC.ENRR.FE,World,WLD,46.8992881774902,57.3553314208984,71.1323623657227,72.0693130493164,73.9418411254883,74.9617462158203,75.037353515625,75.3105087280273,74.9803771972656,75.7032012939453,75.9183197021484,..
,,,,,,,,,,,,,,,
,,,,,,,,,,,,,,,
,,,,,,,,,,,,,,,
Data from database: World Development Indicators,,,,,,,,,,,,,,,
Last Updated: 11/23/2021,,,,,,,,,,,,,,,
