INDI_CODE,Name,Albania,Algeria,Argentina,Armenia,Australia,Austria,Azerbaijan,Bahrain,Bangladesh,Belarus,Belgium,Benin,Bolivia,Bosnia and Herzegovina,Botswana,Brazil,Bulgaria,Burkina Faso,Cambodia,Cameroon,Canada,Chad,Chile,China,Colombia,Costa Rica,Côte d'Ivoire,Croatia,Czech Republic,Denmark,Dominican Republic,Ecuador,Egypt,El Salvador,Estonia,Ethiopia,Fiji,Finland,France,Georgia,Germany,Ghana,Greece,Honduras,"Hong Kong, China",Hungary,Iceland,India,Indonesia,Iran,Ireland,Israel,Italy,Japan,Jordan,Kazakhstan,Kenya,"Korea, Rep.",Kuwait,Kyrgyz Republic,Laos,Latvia,Lebanon,Lithuania,Luxembourg,"Macedonia, FYR",Madagascar,Malawi,Malaysia,Mauritius,Mexico,Moldova,Mongolia,Montenegro,Morocco,Namibia,Netherlands,New Zealand,Nicaragua,Nigeria,Norway,Oman,Pakistan,Panama,Papua New Guinea,Paraguay,Peru,Philippines,Poland,Portugal,Romania,Russia,Samoa,Saudi Arabia,Senegal,Serbia,Singapore,Slovak Republic,Slovenia,Solomon Islands,South Africa,Spain,Sri Lanka,Sudan,Sweden,Switzerland,Syria,Tajikistan,Tanzania,Thailand,Timor Leste,Togo,Tonga,Tunisia,Turkey,Turkmenistan,Uganda,Ukraine,United Arab Emirates,United Kingdom,United States,Uruguay,Uzbekistan,Vanuatu,Venezuela,Vietnam,Yemen,Zambia
TOTAL,OVERALL SCORE,56.5,39.7,59.2,53.3,87.1,76.3,46.8,49,39.2,53.8,87.7,40.8,46,58.1,49.9,59.5,73.5,36.8,44.6,36.1,83.2,23.3,64.2,52.3,55.3,61.1,30.8,61.9,70.8,81.3,50.5,51.2,48.7,52.4,71.7,30.3,48.5,88.2,79.5,54.5,86.3,46.4,68.7,47,74.7,74.9,83,41.9,47.5,35.4,74.6,71.5,70.9,73.9,45.9,54.5,47.5,69.4,49.9,45.7,38.6,72.1,48.7,77,75.4,65.3,32.7,39,57.7,67.7,64.6,54.5,50,58.2,47,53.6,85,83.7,47.8,33.4,88.3,48.2,35.5,60.6,26.6,52.1,55.8,50.3,70.2,77.3,62.2,52.9,41.7,39.7,38.7,56.4,71.4,73.8,76.2,29.2,65.3,74,47.6,19.2,90.4,76.1,35.9,41.5,45.4,60.1,36.9,30.7,38.3,59.5,53.2,34.4,40.4,55.4,50.8,78.9,78.4,65.3,44,39.1,51.8,47.1,24.6,36.9
LABPP,1) LABOUR POLICY AND PRACTICE,49.4,41,57.1,56.4,87.3,72.6,41.7,26.1,41.3,37.5,87.7,63.6,43.6,51.8,37.4,53.4,68,49,53.7,42.6,80.8,44.2,51.2,43.6,38.4,54.1,40.6,40.9,52.8,90.3,41.6,48.2,45.2,42,60,40.9,41,94.4,68,50.5,81.5,53.7,53.6,33.3,70.2,64.7,78.3,45.5,46.6,24,65.9,64,55.5,65.8,26.8,42.4,54.9,58.7,40.9,32,45.3,60.2,41.5,73.9,78,62,29.2,47,43.8,62.9,66.8,54.3,37.7,37.6,37.1,48.8,87.5,79.4,48.6,33.9,90.4,37.4,37.4,47.7,25.7,47.9,53.5,55.5,63.9,73.5,53.4,34.9,28.3,18.7,41.3,35.5,53.9,67.2,66.4,28.3,62.4,74.7,36.7,21,92.4,75.1,28.9,38.5,61.5,52.6,44.9,39.7,30.9,57,43,31.6,51.8,44,36.6,76,66.4,60.8,35.4,37.8,49.6,38.3,26.8,43.5
LABPOL,1A) LABOUR POLICY,56.7,52.2,61.7,81.7,92.2,78.9,49.4,23.9,58.9,49.7,93.1,70.3,65,49.7,51.4,70.8,79.4,65.3,74.4,55.8,84.2,57.8,63.6,47.8,47.2,58.9,58.1,45.8,72.8,95.6,65,58.3,60.8,55.3,78.3,53.9,60.3,95.6,68.9,66.7,82.2,65.8,78.9,40.3,70,81.1,83.9,56.1,60.6,25.8,81.7,70.8,69.4,74.2,31.4,43.9,75,62.2,46.4,36.1,53.1,79.2,48.6,80.8,81.7,71.1,35.3,63.3,55.8,75,81.7,67.2,45.3,42.2,50,67.8,88.9,86.4,69.4,39.4,93.3,33.9,43.3,56.9,34.7,71.9,72.2,74.4,74.2,93.3,73.6,42.8,34.7,24.2,53.3,44.7,45.8,78.3,79.7,34.7,71.4,93.3,31.1,29.2,91.1,76.1,31.7,56.9,79.2,70.3,68.1,58.3,40,69.7,61.4,42.8,68.1,53.6,44.4,78.6,70.8,69.7,50.3,53.9,59.7,31.9,40.8,65.8
LABPOL01,"1.1) Equal pay for equal work; ILO convention 100, policy",75,75,75,75,100,100,50,0,75,62.5,87.5,87.5,75,12.5,12.5,87.5,75,62.5,50,37.5,87.5,50,62.5,50,50,75,37.5,37.5,100,100,25,75,62.5,37.5,75,50,37.5,100,100,50,100,62.5,100,62.5,50,75,75,75,50,37.5,100,62.5,75,62.5,37.5,25,100,75,37.5,50,37.5,62.5,37.5,87.5,75,50,62.5,50,37.5,75,75,75,62.5,25,50,50,100,87.5,50,25,100,25,25,37.5,37.5,62.5,50,50,87.5,100,62.5,50,12.5,62.5,25,37.5,37.5,75,62.5,12.5,62.5,100,25,12.5,100,100,50,62.5,62.5,62.5,62.5,25,0,62.5,62.5,25,62.5,37.5,50,87.5,87.5,37.5,12.5,50,37.5,37.5,37.5,62.5
LABPOL02,"1.2) Non-discrimination; ILO Convention 111, Policy",66.7,55.6,88.9,66.7,77.8,88.9,55.6,33.3,33.3,44.4,100,55.6,44.4,66.7,33.3,88.9,66.7,55.6,77.8,11.1,77.8,33.3,77.8,55.6,44.4,66.7,33.3,88.9,55.6,77.8,55.6,33.3,33.3,55.6,44.4,33.3,77.8,77.8,66.7,66.7,77.8,55.6,77.8,66.7,88.9,77.8,77.8,44.4,55.6,33.3,66.7,77.8,55.6,77.8,33.3,33.3,66.7,66.7,33.3,11.1,44.4,55.6,22.2,44.4,66.7,66.7,55.6,55.6,55.6,77.8,77.8,44.4,33.3,44.4,44.4,55.6,66.7,77.8,66.7,11.1,77.8,22.2,55.6,66.7,11.1,77.8,55.6,66.7,77.8,88.9,77.8,22.2,11.1,11.1,22.2,33.3,33.3,66.7,77.8,0,55.6,77.8,44.4,22.2,77.8,77.8,22.2,55.6,66.7,55.6,66.7,33.3,0,44.4,44.4,22.2,55.6,88.9,11.1,88.9,66.7,77.8,22.2,33.3,66.7,55.6,55.6,55.6
LABPOL03,1.3) Maternity and paternity leave and provision,66.7,55.6,44.4,66.7,100,55.6,66.7,11.1,11.1,66.7,77.8,33.3,55.6,44.4,11.1,77.8,88.9,33.3,44.4,55.6,55.6,55.6,77.8,33.3,66.7,44.4,44.4,77.8,66.7,100,44.4,33.3,33.3,33.3,88.9,11.1,11.1,100,77.8,66.7,33.3,11.1,66.7,22.2,11.1,77.8,66.7,11.1,22.2,33.3,66.7,88.9,66.7,55.6,11.1,11.1,33.3,44.4,11.1,44.4,33.3,77.8,33.3,88.9,66.7,55.6,33.3,11.1,11.1,22.2,55.6,66.7,55.6,66.7,55.6,33.3,77.8,66.7,55.6,11.1,88.9,22.2,11.1,55.6,0,44.4,55.6,55.6,55.6,77.8,77.8,66.7,0,22.2,44.4,77.8,33.3,100,100,11.1,55.6,88.9,11.1,11.1,77.8,44.4,11.1,66.7,66.7,33.3,11.1,33.3,0,66.7,66.7,66.7,22.2,66.7,11.1,66.7,0,33.3,66.7,11.1,44.4,66.7,11.1,11.1
LABPOL04,1.4) Legal restrictions on job types,75,75,50,100,100,100,25,75,75,25,100,75,50,25,100,50,100,75,100,75,100,50,100,50,25,25,75,25,75,100,100,50,75,100,100,75,75,100,0,100,100,100,100,50,100,75,100,50,75,25,75,75,100,75,25,100,75,25,50,25,50,100,50,100,100,100,25,100,75,100,100,100,75,25,0,100,100,100,75,50,100,50,75,75,25,75,100,100,100,100,100,25,50,25,75,25,25,50,75,50,100,100,75,0,100,75,25,100,100,100,100,100,100,75,50,50,100,25,50,100,100,100,100,75,100,0,50,100
LABPOL05,1.5) Differential retirement age,0,0,50,100,83.3,50,50,0,100,50,100,100,100,100,100,50,66.7,100,100,100,100,100,0,50,50,83.3,100,0,66.7,100,100,100,100,50,83.3,100,100,100,100,50,100,100,50,0,100,100,100,100,100,0,100,50,50,100,50,50,100,100,100,50,100,100,100,83.3,100,83.3,0,100,100,100,100,50,0,50,100,100,100,100,100,100,100,50,50,50,100,100,100,100,50,100,50,50,100,0,100,50,100,100,83.3,100,83.3,100,0,100,100,83.3,50,0,100,100,100,100,100,100,83.3,50,100,50,100,50,100,100,50,100,50,0,50,100
LABPRAC,1B) LABOUR PRACTICE,42,29.8,52.6,31,82.4,66.4,34,28.4,23.7,25.3,82.4,57,22.3,53.8,23.5,35.9,56.6,32.8,32.9,29.3,77.5,30.6,38.8,39.5,29.7,49.2,23.1,36,32.8,85,18.2,38.1,29.5,28.8,41.6,28,21.8,93.2,67.2,34.3,80.8,41.5,28.3,26.4,70.5,48.2,72.7,34.9,32.7,22.1,50.1,57.1,41.6,57.5,22.2,40.8,34.8,55.2,35.4,27.8,37.5,41.3,34.4,66.9,74.3,52.9,23.1,30.6,31.7,50.7,51.8,41.4,30.1,33,24.1,29.9,86.1,72.5,27.8,28.4,87.5,40.9,31.4,38.4,16.7,23.9,34.8,36.6,53.5,53.6,33.1,27,21.8,13.3,29.3,26.3,62,56,53.1,21.8,53.4,56,42.3,12.8,93.7,74,26.2,20.1,43.8,34.9,21.8,21.1,21.8,44.2,24.6,20.5,35.6,34.3,28.8,73.5,62,51.8,20.5,21.8,39.4,44.6,12.8,21.2
LABPRAC01,"1.6) Equal pay for equal work; ILO convention 100, practice",16.7,16.7,50,16.7,100,66.7,0,0,0,0,83.3,50,16.7,0,0,0,0,16.7,0,0,100,16.7,0,16.7,0,33.3,0,0,0,83.3,0,33.3,33.3,16.7,33.3,0,0,100,83.3,0,100,0,50,16.7,33.3,50,50,33.3,0,0,83.3,33.3,33.3,33.3,16.7,0,0,33.3,0,33.3,0,33.3,16.7,50,66.7,16.7,0,16.7,0,33.3,66.7,16.7,0,0,16.7,0,100,83.3,0,0,100,0,0,33.3,0,0,0,16.7,33.3,50,0,0,0,0,0,0,50,16.7,16.7,0,16.7,100,0,0,100,83.3,0,0,0,16.7,0,0,0,16.7,0,0,0,16.7,0,83.3,0,16.7,0,0,0,0,0,0
LABPRAC02,"1.7) Non-discrimination; ILO Convention 111, practice",33.3,0,66.7,33.3,83.3,66.7,50,0,0,16.7,66.7,66.7,16.7,100,0,50,50,0,16.7,0,83.3,0,33.3,0,16.7,50,16.7,16.7,0,66.7,0,16.7,0,33.3,16.7,0,0,83.3,33.3,16.7,83.3,50,0,16.7,66.7,16.7,50,0,16.7,0,33.3,50,50,66.7,0,16.7,33.3,66.7,0,0,16.7,50,16.7,33.3,50,33.3,16.7,16.7,33.3,66.7,50,33.3,0,16.7,0,0,66.7,50,16.7,0,50,16.7,33.3,16.7,0,33.3,33.3,0,50,100,16.7,0,0,0,0,0,0,33.3,50,0,83.3,33.3,50,0,83.3,66.7,0,0,66.7,0,0,0,0,0,0,0,16.7,16.7,0,100,100,66.7,0,0,50,33.3,0,0
LABPRAC03,1.8) De facto discrimination at work,84.8,69.1,60.2,74.2,79.7,65.6,85.9,80.1,61.3,51.2,79.7,77.9,55.7,82,93.9,60.2,76.4,81.1,81.8,83.8,93.2,72.5,55.3,74.6,68.6,80.3,75.6,60.7,64.3,90,72.7,69.1,84.8,65.2,83.2,78.5,20.5,89.5,52,87.1,73.4,82.6,63.1,72.1,82,59.6,90.8,72.7,80.9,55.1,83.6,78.3,49.6,63.3,72.1,79.9,72.3,54.1,75,77.9,66.6,82,71.1,84.2,80.5,94.9,75.8,89.1,93.6,69.5,57.4,82.4,87.1,82,79.9,86.3,77.7,90,61.3,80.3,100,80.3,59,70.3,0,62.3,72.5,96.3,64.1,64.5,82.6,74.6,20.5,53.3,84,71.7,98.2,74,78.9,20.5,80.3,57.4,86.1,51.2,91.4,79.5,71.3,80.5,75.2,89.8,20.5,51.2,20.5,93.6,65.2,82,92.4,70.7,82,77.3,81.4,57.2,82,20.5,74.2,78.5,51.2,84.6
LABPRAC04,1.9) Access to childcare,33.3,33.3,33.3,0,66.7,66.7,0,33.3,33.3,33.3,100,33.3,0,33.3,0,33.3,100,33.3,33.3,33.3,33.3,33.3,66.7,66.7,33.3,33.3,0,66.7,66.7,100,0,33.3,0,0,33.3,33.3,66.7,100,100,33.3,66.7,33.3,0,0,100,66.7,100,33.3,33.3,33.3,0,66.7,33.3,66.7,0,66.7,33.3,66.7,66.7,0,66.7,0,33.3,100,100,66.7,0,0,0,33.3,33.3,33.3,33.3,33.3,0,33.3,100,66.7,33.3,33.3,100,66.7,33.3,33.3,66.7,0,33.3,33.3,66.7,0,33.3,33.3,66.7,0,33.3,33.3,100,100,66.7,66.7,33.3,33.3,33.3,0,100,66.7,33.3,0,33.3,33.3,66.7,33.3,66.7,66.7,33.3,0,33.3,33.3,33.3,33.3,66.7,66.7,0,66.7,33.3,66.7,0,0
FINANCE,2) ACCESS TO FINANCE,43.1,20.9,37.5,22.6,75,76.8,15.8,50.3,33.4,38.9,86.9,15.5,33.6,57.6,39.1,55,78,20.9,20.8,14.9,72.9,0.1,61.9,46.6,57.4,49.5,14.6,68.5,75.7,34.5,32.7,40.4,35.5,44.6,63,6.3,43.4,61.4,80.6,31.2,91.3,24.6,79.5,41.7,62.9,77.4,66.7,37.1,42.8,33,64.6,66.8,83.4,85.7,46.1,45.8,33.9,71.5,52.9,24.9,14.6,76.2,47.3,77.4,47.9,54.5,8.3,22.9,75,64.6,53.3,33.3,42.8,58.6,56.2,53.8,68.8,66.7,26.2,27.1,70.8,44.1,30.4,53.8,14.7,30.6,29.2,21.8,67.4,70.2,45.1,44.7,20.8,37.1,20.9,62.5,79.3,67.8,67,14.6,65.8,47,38.5,0,83.3,52.6,23.1,27.1,20.8,61.6,22.9,14.6,22.9,44.4,42.6,0,14.8,40.8,42.5,66.7,83.3,45.8,29.9,35.4,22.9,50.2,8.4,15.1
FINANCE01,2.1) Building credit histories,5.5,0.1,83.3,31.9,83.3,40.6,4.7,18,0.3,22.3,47.7,3.5,26.2,47.2,48,53.5,37,0.1,0,1.5,100,0.4,30.9,53.3,63.1,64.8,0.1,40.6,61,4.5,47.6,45,8.6,95,18.7,0,31.8,12.4,22.2,16.4,98.4,6.9,51.3,83.3,60,9.5,100,6.7,21,15.1,83.3,58.8,67.1,76.1,1,24.9,2.2,77.8,19.7,7.9,0,38.1,5.8,67.8,0,26.3,0,0,100,16.6,71.6,0,12.8,17.8,8.3,48.7,83.3,83.3,21.4,0,66.7,9.8,4.8,31.9,0.5,13.9,33.3,3.7,61.1,55.9,22.2,12,0,15,0.1,83.3,50.7,29.7,1.4,0,54.9,54.6,12.4,0,83.3,18.6,0.7,0,0,29.8,0,0.1,0,19.1,12.2,0,0.7,5.1,11.8,100,100,100,3,0,0,17.6,0.1,2
FINANCE04,2.2) Private sector credit,50,25,0,25,50,100,25,100,50,75,100,25,50,75,25,75,100,25,25,0,25,0,100,50,50,50,25,100,75,0,25,25,50,50,100,0,75,100,100,50,100,0,100,50,25,100,0,50,25,25,0,100,100,100,100,50,50,100,75,25,25,100,100,75,25,50,0,0,50,100,25,50,50,75,100,50,25,50,50,25,50,50,25,100,25,50,25,25,75,25,50,50,50,50,25,75,100,75,100,25,100,0,25,0,50,25,25,25,25,100,25,25,25,100,50,0,0,75,100,0,100,25,0,75,25,100,0,0
FINANCE02,2.3) Women's access to finance programmes,50,25,0,0,100,100,0,50,50,25,100,0,25,75,50,25,75,25,25,25,100,0,50,50,50,50,0,100,100,100,25,25,50,0,100,25,0,100,100,25,100,25,100,0,100,100,100,25,25,25,75,75,100,100,50,75,50,75,50,0,0,100,50,100,100,75,0,25,50,75,50,50,75,75,50,50,100,100,0,50,100,50,25,50,0,25,25,25,100,100,75,50,0,50,25,25,100,100,100,0,75,100,50,0,100,100,0,50,25,50,0,0,0,25,75,0,25,50,25,100,100,25,50,0,0,50,0,25
FINANCE03,2.4) Delivering financial services,66.7,33.3,66.7,33.3,66.7,66.7,33.3,33.3,33.3,33.3,100,33.3,33.3,33.3,33.3,66.7,100,33.3,33.3,33.3,66.7,0,66.7,33.3,66.7,33.3,33.3,33.3,66.7,33.3,33.3,66.7,33.3,33.3,33.3,0,66.7,33.3,100,33.3,66.7,66.7,66.7,33.3,66.7,100,66.7,66.7,100,66.7,100,33.3,66.7,66.7,33.3,33.3,33.3,33.3,66.7,66.7,33.3,66.7,33.3,66.7,66.7,66.7,33.3,66.7,100,66.7,66.7,33.3,33.3,66.7,66.7,66.7,66.7,33.3,33.3,33.3,66.7,66.7,66.7,33.3,33.3,33.3,33.3,33.3,33.3,100,33.3,66.7,33.3,33.3,33.3,66.7,66.7,66.7,66.7,33.3,33.3,33.3,66.7,0,100,66.7,66.7,33.3,33.3,66.7,66.7,33.3,66.7,33.3,33.3,0,33.3,33.3,33.3,66.7,33.3,33.3,66.7,66.7,66.7,33.3,33.3,33.3
EDUCATION,3) EDUCATION AND TRAINING,62.4,44.2,78.2,65.6,97,78.3,56.5,73,30.6,74.9,86.2,25.3,62.9,70.7,57.2,63.5,71.9,13.7,43.1,46.3,83,9.4,76,58,63.5,62.6,17.7,75,87.8,87.3,60.2,58.8,46.4,56.1,85.6,20.4,58.6,90.4,85.2,60,85.8,44.3,78.2,58.9,75.9,80.5,94.8,33.6,52.7,49.7,85,83.3,82.2,75.3,67.8,70.5,50.4,79.4,57,60,34.4,85.1,65,86.7,73.3,69.1,34.2,35.6,64.3,63.6,60.2,66,70.6,77.3,35.9,51.9,87.8,99.5,46.6,29.5,94,53.2,20.1,68,20.9,58.2,61,61.5,81.4,78.5,75.7,75.3,60,59.4,29.3,67,75.5,81.8,89.2,37,62.5,82.5,54,22.8,89.4,82.3,49.4,51.1,40.1,60.8,27.3,29,60.4,59.1,58.4,53.6,37.8,78.4,66.3,84.2,92.7,80.6,60.9,41.6,77.4,45.1,22.6,30.3
EDUCATION01,"3.1) Primary and secondary education, women",54,69.6,74.4,47.6,99.8,67,56.8,72.2,30.4,54.4,75,26.5,63.9,68.6,67.2,72.9,59.5,13.1,41.3,41.4,69.7,7.3,67,56.8,70.7,64.3,4.5,66.4,76,82.9,58.8,67,50.3,57.3,70.1,29.9,65.1,75,82.4,57.2,78.8,48.2,69.6,57.3,74.6,68.6,94.9,43.5,68.8,57.9,93.5,72,81,72,62.5,63.3,54.6,68.9,61.2,48.9,28.9,63.7,63.6,67.7,78.8,62.9,54,43,57,71.7,76,50.4,63.8,74,42.6,64.5,85,100,56.8,22.5,84.5,54.4,11.7,60.8,4.9,50.9,60.5,51.4,67.2,80.6,63.8,51.6,65.8,63.6,21.3,63.6,71.4,71.7,75.9,39.2,67.4,84.6,76.2,12.5,68.9,77.9,57.6,46.3,40.2,52.4,49,31,81.7,79.1,46.3,41.4,55.2,54.3,68.1,83.3,65.9,73.5,59.1,50,54.9,46.6,15.8,26.4
EDUCATION02,"3.2) Tertiary education, women",22.3,35.1,85.6,55.8,90.8,59.9,18,49.9,4.6,86.9,71,0.8,33.8,40.8,7,39.4,58.6,1.4,4.1,8.4,70.6,1.5,57.4,24.2,36.7,27.1,4.5,53.1,66.5,84.7,39.6,49.7,22.6,25.8,82.7,0.7,15.8,96.8,60.7,27.2,74.6,5.5,85.6,25.7,56.2,66.9,97.5,9.9,21.9,36.5,60.6,73.3,71.6,53.7,41.6,47.2,2.3,76.9,25.5,58.9,11.6,91.1,55.8,99.5,9,43.2,2.8,1.7,40.9,27.6,27,45.5,65.7,53.7,11,11.2,62.9,99.2,17.7,7.2,86.4,11.4,3.7,53.6,0.4,46.9,34.3,30.6,81.8,58.9,75.4,87.6,6.1,35,4.9,54.3,65.9,66.9,98.1,8.2,13.3,69.2,2,4.6,86.3,47.8,11.2,11.9,0,50,16,0,6.9,40.7,32.5,8.9,2.6,88.8,40,65.5,100,84.1,7.3,2.5,97.8,7.1,4.9,0.5
EDUCATION05,3.3) Mean years of schooling,82.1,0,73.4,85.4,95.3,85.7,68.2,74.5,37.6,73.5,86,25.5,72.8,68.5,70.4,56.7,83.6,9.6,45.5,46.6,95.9,11.7,77,59.7,58,66,26,77.5,97.5,89.9,56.6,60,50.5,59.6,95.1,11.4,78.8,81.4,83.6,95.9,96.7,56,80.2,51.3,79.3,87.5,82.4,34.6,45.9,57.3,91.9,94.3,79.9,91.8,68.4,82,54.9,92.1,48.1,73.3,36.1,90.9,62.6,86.3,79.8,64.6,40.7,33.4,75.4,56.7,67.4,76.6,65.7,83.8,34.4,58.2,92.1,99,45.5,39.1,100,43.6,38.4,74.3,32,60.8,68.5,70.2,78.7,61.1,82.6,77.8,69.6,61.5,35,81,69.8,91.5,91.9,35.4,67.4,82.1,64.9,24.6,92.9,86.8,44.9,77.7,40.3,51.8,21.6,41.5,74.2,51.2,51.1,78.2,37.2,89.3,73.3,73.3,98.6,66.8,78.7,59.3,60,43.3,19.5,51.6
EDUCATION03,"3.4) Literacy rate, women",93.7,56.1,97.5,99.5,99,99,99.3,88.2,40.4,99.8,99,13.5,84.1,95.8,81.2,88.3,97.8,4.4,64.6,55,99,6.2,98.4,89.2,92.2,95.7,33.4,97.9,99,99,85.9,77.6,48.7,78,100,0,93.4,99,99,99.8,99,51.8,95.4,80,89.7,99.4,99,40.1,86.9,76.6,99,96.7,98.5,99,86.7,99.7,80.1,99,90.2,99,55.3,100,83.1,99.9,99,94.9,53.4,59.9,88.4,82.2,90.6,97.7,97.7,95.1,31.7,85.7,99,99,73.2,38.9,99,76.9,27,91.6,47.1,92.2,81.5,95.1,99.4,92,96.6,99.5,98.4,77.1,25.3,95.9,90.4,99,99.8,62.3,84.4,96.5,86.9,52.3,99,99,73.3,99.7,59.8,89.9,30,32.3,99.1,64.7,82.3,99.5,53.9,99.7,89.8,99,99,98.5,99.1,76.2,94,88.6,32.6,53
EDUCATION04,3.5) SME support/development training,60,60,60,40,100,80,40,80,40,60,100,60,60,80,60,60,60,40,60,80,80,20,80,60,60,60,20,80,100,80,60,40,60,60,80,60,40,100,100,20,80,60,60,80,80,80,100,40,40,20,80,80,80,60,80,60,60,60,60,20,40,80,60,80,100,80,20,40,60,80,40,60,60,80,60,40,100,100,40,40,100,80,20,60,20,40,60,60,80,100,60,60,60,60,60,40,80,80,80,40,80,80,40,20,100,100,60,20,60,60,20,40,40,60,80,40,40,60,60,100,100,80,60,20,80,40,40,20
STATUS,4) WOMEN'S LEGAL AND SOCIAL STATUS,71.6,53.2,78.7,62.4,82.3,80.6,68.6,47.8,54.9,79.6,93.1,50.4,64.5,71,70.3,79.1,80.7,56.4,72.7,39.7,89.9,33.3,71.6,74.6,76.4,88.8,43.5,76.9,86,94.4,80,74.7,55.4,78.9,80.1,47,55,97.9,82.8,66.3,91.1,60.9,85.1,76.8,73.1,83.6,95.5,54.5,60.6,36.2,78.3,71.9,76.7,73.4,49.8,72.6,62.1,71.6,49.4,70.2,61.1,77.4,42.9,80.2,90,73.8,62.2,52.9,53,76.6,78.5,69.6,74.8,71.7,62.9,71.4,91.7,83.1,76.2,46.7,97.6,45.8,48.8,79.2,42.7,83.3,78.8,63.5,77,92.5,77.7,75.2,46,34.1,62.1,78.4,68.8,85.5,86.9,46.9,82.1,93.5,62.8,26.5,94.8,87.3,45.5,61.4,57.9,74.6,62,42.7,37.5,77,70.6,59.3,54.1,79.1,48.4,82.6,73.5,84.5,69.2,50.4,74.1,65.6,28.7,50.2
STATUS01,4.1) Addressing violence against women,100,66.7,100,33.3,100,100,100,33.3,100,66.7,100,33.3,66.7,100,100,100,100,66.7,100,33.3,100,66.7,100,66.7,100,100,33.3,100,100,100,100,66.7,66.7,100,100,66.7,66.7,100,100,66.7,100,66.7,100,100,66.7,100,100,66.7,66.7,0,100,100,100,66.7,66.7,66.7,100,66.7,33.3,66.7,66.7,66.7,0,100,100,100,100,66.7,66.7,100,100,66.7,100,100,66.7,100,100,100,100,33.3,100,33.3,66.7,100,33.3,100,100,100,66.7,100,100,33.3,0,33.3,66.7,100,66.7,100,100,33.3,100,100,100,33.3,100,100,33.3,33.3,66.7,100,66.7,33.3,33.3,100,100,0,100,100,0,100,100,100,33.3,33.3,100,66.7,0,66.7
STATUS02,4.2) Citizenship rights,100,60,100,100,100,100,100,60,60,100,100,100,100,100,100,100,100,100,100,80,100,80,100,100,100,100,100,100,100,100,100,100,80,100,100,100,100,100,100,100,100,100,100,100,100,100,100,60,60,40,100,100,100,100,60,100,100,100,60,100,100,100,60,100,100,100,100,80,60,100,100,100,100,100,100,100,100,100,100,60,100,80,60,100,100,100,100,100,100,100,100,100,100,0,100,100,100,100,100,100,80,100,80,20,100,100,80,100,100,100,100,100,100,100,100,100,80,100,60,100,100,100,100,100,100,100,40,100
STATUS03,4.3) Property ownership rights,75,50,75,75,100,100,75,75,50,100,100,50,50,75,50,100,100,50,75,0,100,0,0,75,75,100,25,100,100,100,100,75,50,100,100,25,0,100,100,75,100,50,100,100,75,100,100,50,50,50,100,100,100,100,50,75,50,75,75,50,75,100,75,100,100,75,50,25,75,100,75,75,50,75,75,25,100,100,75,75,100,50,25,100,0,100,75,0,100,100,100,100,0,50,75,100,100,100,100,0,75,100,0,25,100,100,50,50,25,75,25,0,0,100,75,50,25,100,100,100,100,100,75,0,75,50,25,0
STATUS04,4.4) Adolescent fertility rate,94.2,99,68.6,88,93.2,94.8,78,93.2,34.6,90.6,95.8,41.4,55,92.7,74.3,71.7,81.2,32.5,73.8,27.2,93.7,0,75.4,98.4,50.8,68.1,42.9,94.2,95.3,97.9,49.7,48.7,86.9,66,90.6,44,85.3,96.3,96.9,81.7,95.8,62.3,95.3,44.5,99,90.6,93.7,77.5,74.3,88,92.1,93.2,97.4,98.4,86.4,86.9,40.3,100,93.7,86.4,43.5,92.1,91.6,91.1,95.8,91.1,20.4,7.9,94.2,82.7,58.1,88,91.1,92.7,91.6,62.3,99,85.9,44,35.1,96.3,95.3,90.6,56.5,64.4,67,70.2,72.3,94.2,92.1,82.7,86.4,85.9,97.4,48.7,88.5,97.9,90.1,98.4,64.4,72.8,94.8,86.4,78.1,97.9,99,61.8,86.9,28.3,77,70.2,54.7,92.7,97.9,74.3,90.6,17.8,85.3,89,87.5,79.6,68.1,87.4,72.8,53.4,82.7,59.2,24.6
STATUS05,4.5) Prevalence of contraceptive use - modern methods,9.8,61,75.6,20.7,84.1,54.9,13.4,35.4,56.1,65.9,86.6,4.9,39,11,48.8,91.5,46.3,13.4,30.5,12.2,85.4,0,68.3,100,80.5,85.4,7.3,6.1,74.4,85.4,82.9,69.5,68.3,78,65.9,14.6,40.2,89,89,30.5,78,18.3,53.7,65.9,89,84.1,89,57.3,67.1,69.5,72,61,47.6,51.2,47.6,57.3,45.1,82.9,45.1,53.7,32.9,65.9,39,37.8,89,9.8,31.7,43.9,34.1,45.1,79.3,50,72,18.3,61,63.4,79.3,85.4,81.7,7.3,97.6,28,20.7,63.4,22,82.9,58.5,39,31.7,98.8,43.9,76.8,30.5,32.9,9.8,20.7,64.6,78,74.4,30.5,70.7,73.2,62.2,4.9,76.8,92.7,50,36.6,29.3,95.1,23.2,11,25.6,61,53.7,52.4,19.5,56.1,26.8,100,86.6,89,89,42.7,73.2,80.5,20.7,30.5
STATUS06,4.6) CEDAW ratification,100,25,75,100,50,50,100,25,50,100,100,100,100,100,100,75,100,100,100,100,100,75,100,50,100,100,75,100,100,100,100,100,25,75,75,50,75,100,50,100,100,100,100,75,50,100,100,50,75,0,50,25,50,75,25,100,75,50,25,100,75,75,25,100,100,100,100,100,25,75,100,100,100,100,25,100,100,50,75,100,100,25,50,100,75,100,100,100,100,100,100,100,75,25,100,100,25,100,100,100,100,100,100,0,100,50,25,100,100,50,100,75,0,50,75,100,75,100,25,50,0,100,75,100,75,50,50,100
STATUS07,4.7) Political participation,22.4,10.9,56.7,19.7,49,64.3,13.9,12.8,33.5,33.9,69.1,23.4,41,18.4,19.1,15.4,37.2,32.2,29.8,24.9,50.2,11.7,57.8,31.8,28.9,68,20.7,38.1,32.1,77.6,27.5,62.8,10.9,33.3,29.4,28.4,17.6,100,43.8,10.4,64.1,29,47.1,52,31.8,10.8,85.7,20.2,31.2,5.6,34.2,24.2,41.7,22.4,12.9,22.1,24,26.4,14,34.5,34.4,42.1,9.7,32.4,45.3,40.7,33.3,46.6,16.1,33.1,36.9,7.4,10.7,15.6,20.9,49.3,63.5,60.3,57.4,16.2,89.3,9.1,28.8,34.1,4.5,33.1,48.2,33.5,46.3,56.9,17.2,29.7,30.3,0,34.5,39.5,27.5,30.2,35.5,0,76.4,86.7,11.3,24.4,88.6,69.7,18.1,22.7,55.8,25,49,24.6,11,30.4,16.3,22.4,61.5,12.1,38,40.8,48.5,34.4,24.4,3.7,42.1,29.1,6,29.7
GBE,5) GENERAL BUSINESS ENVIRONMENT,63,37.7,46.3,56.6,93.8,76.8,56.8,70.5,33.6,54.6,84.8,26.4,27.5,45.4,58.1,53,74.1,31.9,23.6,30.8,91.8,8.6,73.5,47.5,57.6,57.4,28,69.2,70,91.1,47,37,64.2,50.7,81.4,26.6,51.9,90.3,92.4,68.6,86.5,41.4,62.4,37.9,95.7,78.4,84.6,35.5,35.7,45.7,87.7,79.2,72.1,77.3,58,53.2,28.9,76.8,58.5,55,31.1,73.5,54,70.2,85,70.3,33.3,28.8,66.5,75.7,62.2,49.2,36.4,66.3,52.6,46.7,86.9,94.3,40.7,29.5,86.6,71.4,39.2,67.5,30.1,44.7,59,44,67.8,75.7,67.8,52.8,67.1,69.9,37.2,59.4,97.1,73,81.2,20.2,56.8,71.8,56.6,24.1,90.1,84.3,39.4,32.6,30.9,58.5,19.4,18.6,47.5,62.7,61.5,30.1,32.1,46.1,74.3,87.5,88.2,59.4,33.4,31.6,37.4,45.3,34.6,38.8
GBE01,5.1) Regulatory quality,60.3,29,30,61.9,97.5,90.8,45.9,72.9,32.9,21.7,85.5,43.8,28,51.6,67.8,57.6,69.1,49.7,43.6,35.4,95.1,25.3,91.5,48,59.2,66.7,28.2,67.2,85,99.6,49.1,18.2,49.5,62.9,89.9,27.9,28.7,97.3,83.6,68.4,90.6,56.1,73.5,46.9,99.9,81.1,77.6,46,45.8,8.6,94.7,81.1,76.1,80.4,62.2,43.6,48.8,74.8,58.1,43.7,26.1,78.2,51.3,77.8,95.1,61.2,41.1,39.4,61.6,74.8,61.9,49.3,44.2,53.9,52.8,55,96.1,98.3,43,35,88.7,69.9,40.3,64.4,39.5,42.6,63.5,53.5,76.9,79.6,68.9,41.2,46.8,58.7,46.3,50.4,100,81.3,75.9,20.9,63.7,82.9,45.9,21.2,95.5,92.8,25.6,25.5,43.3,62.4,23.4,31.7,37.6,55.5,61,0,48.6,39.2,67.3,92.4,87.9,62.5,13.5,34.9,9.8,38.6,37.7,41.4
GBE02,5.2) Starting a business,77.8,23.5,29.1,75.3,98.6,34.9,81.5,54.7,52.8,91.1,70.5,17.9,13.8,16.5,50.5,37.6,80.9,38.7,9.4,32.7,98.6,0,57.6,23.5,55.3,40.1,8.5,59.3,33.5,75.5,29.1,18.3,78.6,34.9,68.2,48.9,42.6,71.1,89.6,90.3,61.8,43.9,23.3,25.6,92.1,68.4,72.2,12.5,17.4,67.2,87.9,68,56.8,56.1,34.7,76.9,36.6,58,30.8,85.3,47.6,62.2,44.1,50.1,55.1,93.2,56.8,33.7,51.6,85.9,57,46.6,49.3,75.9,51.8,37.2,55.7,100,46.6,41.4,69.3,55.5,51,73.8,52.4,44.1,60.5,19.8,39.3,59.1,66.8,42.7,76.7,85,44.7,51.3,97.5,57.6,75.7,39.7,67.4,24.1,68.4,38.5,69.1,53.3,31.4,30.8,39.1,58.4,10.6,10.4,69.7,63.2,58.2,37.5,32.9,38.9,62.2,82.6,87.7,31.6,41,41.8,28.5,45.1,60.3,60.1
GBE03,5.3) Infrastructure risk,29.6,25.5,43.9,24.5,83.7,86.7,27.6,71.4,13.3,27.6,86.7,20.4,19.4,33.7,59.2,35.7,58.2,25.5,18.4,26.5,83.7,2,59.2,55.1,40.8,46.9,38.8,59.2,68.4,90.8,33.7,33.7,50,33.7,74.5,29.6,72.4,94.9,100,45.9,96.9,27.6,65.3,16.3,96.9,71.4,88.8,40.8,26.5,33.7,74.5,74.5,65.3,77.6,50,15.3,3.1,77.6,59.2,18.4,12.2,65.3,45.9,65.3,90.8,40.8,26.5,20.4,63.3,63.3,56.1,27.6,0,50,29.6,57.1,96.9,81.6,23.5,6.1,88.8,75.5,18.4,56.1,15.3,22.4,41.8,33.7,65.3,77.6,58.2,46.9,82.7,56.1,17.3,53.1,96.9,58.2,80.6,11.2,29.6,86.7,45.9,12.2,96.9,93.9,33.7,8.2,23.5,33.7,18.4,17.3,18.4,51,50,18.4,23.5,28.6,72.4,77.6,83.7,56.1,6.1,6.1,33.7,21.4,8.2,30.6
GBE04,5.4) Access to technology and energy,84.5,72.8,82.2,64.9,95.5,94.7,72.1,83.1,35.4,78.1,96.2,23.3,48.9,79.9,55,80.9,88.1,13.8,23.2,28.7,89.8,6.9,85.8,63.5,74.9,75.7,36.4,91.3,93.3,98.5,75.9,77.9,78.9,71.5,93.1,0,64,98.1,96.4,69.8,96.9,38.1,87.5,62.9,93.9,92.7,100,42.6,52.9,73.3,93.7,93.3,90.1,95.1,85,77,27,96.8,85.8,72.8,38.4,88.2,74.7,87.4,99,86.1,8.8,21.9,89.4,78.8,73.6,73.3,52.1,85.2,76.4,37.5,99,97.1,49.7,35.4,99.6,84.6,47.2,75.6,13.4,69.7,70.2,69.1,89.8,86.7,77.4,80.2,62.1,79.7,40.4,82.8,94,95.1,92.8,8.9,66.7,93.2,66.1,24.3,98.8,97.4,66.8,65.9,17.7,79.6,25.4,14.9,64.4,81,76.6,64.6,23.7,77.6,95.2,97.6,93.5,87.3,73.1,43.6,77.5,76,32.2,23.1
DEPEND01,D1) Wage employees; Female/male ratio,0.7,0.2,0.8,0.8,0.9,0.9,0.6,0.3,0.3,1,0.9,0.3,0.5,0.7,0.9,0.8,0.9,0.2,0.7,0.3,1,0.1,0.6,0.8,0.7,0.6,0.4,0.8,0.8,1,0.8,0.6,0.2,0.5,1.1,0.7,0.5,1,1,0.9,0.9,0.3,0.7,0.5,1,0.9,1,0.3,0.5,0.2,1,1,0.8,0.7,0.3,0.9,0.4,0.7,0.4,0.8,0.4,1,0.5,1,0.8,0.6,0.7,0.1,0.6,0.5,0.6,1.1,0.9,0.7,0.3,0.7,0.9,1,0.6,0.8,1,0.2,0.2,0.7,0.9,0.6,0.7,0.6,0.9,0.9,0.8,1,0.5,0.2,0.4,0.8,0.8,0.9,0.9,0.6,0.7,0.8,0.5,0.4,1,0.9,0.2,0.8,0.4,0.8,0.5,0.4,0.8,0.3,0.3,0.7,0.4,0.9,0.2,1,0.9,0.8,0.7,0.8,0.7,0.7,0.1,0.3
DEPEND02,D2) Employers; Female/male ratio,n/a,0.1,0.4,0.1,0.5,0.4,0.2,0.1,0.1,n/a,0.3,n/a,0.3,n/a,0.6,0.4,0.4,0.1,0.8,0.5,0.4,0.3,0.3,n/a,0.4,0.3,0.5,0.3,0.3,0.3,0.3,0.4,0,0.4,0.3,0.3,0.4,0.3,0.4,0.3,0.3,0.6,0.3,n/a,0.2,0.4,0.3,0.2,0.2,0,0.2,0.2,0.3,0.2,0.1,0.4,n/a,0.3,0.1,0.3,0.4,0.4,0.1,0.3,0.3,0.3,n/a,0.1,0.2,0.2,0.2,0.6,0.3,n/a,0.1,0.5,0.3,0.4,0.3,n/a,0.4,0.1,0,0.3,NA,0.3,0.4,0.3,0.4,0.4,0.3,0.6,0.5,n/a,0.1,0.4,0.3,0.3,0.3,NA,0.8,0.3,0.1,n/a,0.3,0.3,0,n/a,0.4,0.3,NA,n/a,0.5,0.1,0.1,n/a,0.5,n/a,0.1,0.3,n/a,0.4,n/a,0.4,0.2,0.4,0.1,0.3
DEPEND03,D3) Wages; Female/male ratio,0.5,0.4,0.5,0.6,0.7,0.4,0.4,0.5,0.5,0.6,0.6,0.5,0.6,0.6,0.6,0.6,0.7,0.7,0.7,0.5,0.7,0.7,0.4,0.7,0.7,0.5,0.3,0.7,0.6,0.7,0.6,0.5,0.3,0.5,0.7,0.7,0.4,0.7,0.6,0.4,0.6,0.7,0.5,0.3,0.7,0.8,0.6,0.3,0.4,0.3,0.6,0.6,0.5,0.5,0.2,0.7,0.7,0.5,0.4,0.6,0.8,0.7,0.3,0.7,0.6,0.5,0.7,0.7,0.4,0.4,0.4,0.7,0.9,0.6,0.2,0.6,0.7,0.7,0.3,0.4,0.8,0.2,0.2,0.6,0.7,0.6,0.6,0.6,0.6,0.6,0.7,0.6,0.4,0.2,0.6,0.6,0.5,0.6,0.6,0.5,0.6,0.5,0.6,0.3,0.7,0.6,0.2,0.7,0.7,0.6,0.5,0.5,0.6,0.3,0.3,0.7,0.7,0.6,0.3,0.7,0.6,0.6,0.6,0.7,0.5,0.7,0.3,0.6
DEPEND04,D4) Gender-related development index,0.8,0.7,0.9,0.8,1,0.9,0.8,0.9,0.5,0.8,0.9,0.5,0.7,n/a,0.7,0.8,0.8,0.4,0.6,0.5,1,0.4,0.9,0.8,0.8,0.8,0.5,0.9,0.9,0.9,0.8,n/a,n/a,0.7,0.9,0.4,NA,1,1,n/a,0.9,0.5,0.9,0.7,0.9,0.9,1,0.6,0.7,0.8,0.9,0.9,0.9,0.9,0.7,0.8,0.5,0.9,0.9,0.7,0.6,0.9,0.8,0.9,0.9,0.8,0.5,0.5,0.8,0.8,0.8,0.7,0.7,n/a,0.6,0.7,1,0.9,0.7,0.5,1,0.8,0.5,0.8,NA,0.8,0.8,0.7,0.9,0.9,0.8,0.8,NA,0.8,0.5,n/a,n/a,0.9,0.9,NA,0.7,0.9,0.8,0.5,1,0.9,0.7,0.5,0.5,0.8,NA,0.5,NA,0.8,0.8,n/a,0.5,0.8,0.9,0.9,0.9,0.9,0.7,NA,0.8,0.7,0.5,0.5
DEPEND05,D5) Gender empowerment measure,n/a,0.3,0.7,0.4,0.9,0.7,0.4,0.6,0.3,n/a,0.9,n/a,0.5,n/a,0.6,0.5,0.6,n/a,0.4,n/a,0.8,n/a,0.5,0.5,0.5,0.7,n/a,0.6,0.7,0.9,0.6,0.6,0.3,0.5,0.7,0.5,NA,0.9,0.8,0.4,0.9,n/a,0.7,0.6,n/a,0.6,0.9,n/a,0.4,0.3,0.7,0.7,0.7,0.6,n/a,0.5,n/a,0.6,n/a,0.6,n/a,0.6,n/a,0.6,n/a,0.6,0.4,n/a,0.5,0.5,0.6,0.5,0.4,0.5,0.3,0.6,0.9,0.8,0.5,n/a,0.9,0.5,0.4,0.6,NA,0.5,0.6,0.6,0.6,0.8,0.5,0.6,0.4,0.3,n/a,0.6,0.8,0.7,0.6,NA,0.7,0.8,0.4,n/a,0.9,0.8,n/a,n/a,0.5,0.5,NA,n/a,0.4,n/a,0.4,n/a,0.6,0.5,0.7,0.8,0.8,0.6,n/a,NA,0.6,0.6,0.1,0.4
DEPEND06,D6) Global gender gap index,0.7,0.6,0.7,0.7,0.7,0.7,0.7,0.6,0.7,0.7,0.7,0.6,0.7,n/a,0.7,0.7,0.7,0.6,0.6,0.6,0.7,0.5,0.7,0.7,0.7,0.7,0.6,0.7,0.7,0.8,0.7,0.7,0.6,0.7,0.7,0.6,0.6,0.8,0.7,0.7,0.7,0.7,0.7,0.7,n/a,0.7,0.8,0.6,0.7,0.6,0.8,0.7,0.7,0.7,0.6,0.7,0.7,0.6,0.6,0.7,n/a,0.7,0.6,0.7,0.7,0.7,0.7,0.7,0.6,0.7,0.7,0.7,0.7,n/a,0.6,0.7,0.7,0.8,0.7,0.6,0.8,0.6,0.5,0.7,NA,0.7,0.7,0.8,0.7,0.7,0.7,0.7,NA,0.6,0.6,n/a,0.7,0.7,0.7,NA,0.8,0.7,0.7,n/a,0.8,0.7,0.6,",6598",0.7,0.7,NA,n/a,NA,0.6,0.6,n/a,0.7,0.7,0.6,0.7,0.7,0.7,0.7,NA,0.7,0.7,0.5,0.6
DEPEND07,D7) GDP per capita,3800,4590,7970,2800,46940,45640,6360,19160,550,5771,43150,804,1850,4420,6360,8090,6300,583,707,1160,39540,771,9650,3680,5080,6470,1080,13950,18630,56090,4880,3720,2270,3540,14380,401,3540,44720,42770,2520,40500,654,30100,1930,29870,12460,40110,1100,2250,4870,52180,26085.2,35370,39870,3370,6610,800,16450,36550,861,912,11620,7600,11140,106120,4470,490,216,6759.1,6800,7870,1470,2230,n/a,2900,4630,48180,26480,959,1080,78832.3,19700,918,7120,1430,2200,4330,1640,11280,21210,7730,8690,3230,14530,973,6130,35529.6,16130,24190,1030,5790,32000,2040,1270,43760,63330,2260,733,495,3940,602,491,3520,3980,8680,3460,511,2560,42020,35360,46480,10020,1368,2980,12620,1030,1210,1030
DEPEND08,D8) GDP per capita (PPP),7200,7980,14550,5270,39900,37730,12540,25070,1410,13780,35750,1610,4630,8570,13140,10370,12030,1220,1890,2140,37840,1450,14400,6780,8690,10210,1700,17540,24840,35040,10670,7740,5660,4830,17830,1050,4570,34000,33790,4600,33340,1520,30160,3750,42850,18840,34740,3210,4010,11480,41480,27730,28810,32560,5160,11410,1600,27880,40910,2280,2240,14200,12900,16340,82720,9340,1030,563,13510,7530,14480,2810,3760,n/a,4600,6330,39530,27110,2920,2270,55100,24940,2450,15340,3720,4500,8520,3320,18040,21870,11810,14930,7300,23670,1780,11090,39380,20880,27120,2680,10290,30350,4770,2190,35360,41570,4570,1910,1310,8060,NA,871,8960,8390,12090,6070,1360,6360,32850,34140,46480,13190,3010,4090,12400,2950,2630,1430
DEPEND09,D9) Freedom in the World,3,5.5,2,5,1,1,5.5,5,4,6.5,1,2,3,3.5,2,2,2,4,5.5,6,1,6.5,1,6.5,3.5,1,5.5,2,1,1,2,3,5.5,2.5,1,5,5,1,1,4,1,1.5,1.5,3,n/a,1,1,2.5,2.5,6,1,1.5,1.5,1.5,5,5.5,3.5,1.5,4,4.5,6.5,1.5,4.5,1,1,3,3.5,4,4,1.5,2.5,4,2,2.5,4.5,2,1,1,3.5,4.5,1,5.5,4.5,1.5,3.5,3,2.5,3.5,1,1,2,5.5,2,6.5,3,2.5,4.5,1,1,3.5,2,1,4,7,1,1,6.5,5.5,3.5,4.5,NA,5,3,6,3,7,4.5,2.5,5.5,1,1,1,7,2,4,6,5,3
DEPEND10,D10) Global peace index,1.9,2.2,1.9,2.3,1.5,1.3,2.3,1.9,2,2.3,1.4,n/a,2,1.9,1.6,2,1.8,1.9,2.2,2.1,1.3,2.9,1.5,1.9,2.6,1.6,2.3,1.7,1.3,1.2,1.9,2.2,1.8,2.1,1.7,2.6,NA,1.3,1.6,2.7,1.4,1.8,1.8,2.3,n/a,1.6,1.2,2.4,1.9,2.1,1.3,3,1.6,1.3,1.8,2,2.3,1.6,1.7,2.3,1.7,1.8,2.7,1.7,1.3,2,1.9,1.7,1.6,n/a,2.2,1.9,1.9,2.1,1.8,1.8,1.5,1.2,1.8,2.6,1.2,1.5,2.9,1.8,2.1,1.9,2,2.3,1.6,1.3,1.6,2.7,NA,2.2,2,2,1.5,1.5,1.3,NA,2.4,1.6,2.5,2.9,1.3,1.4,2,2.2,1.8,2.4,NA,n/a,NA,1.7,2.4,2.2,2.1,2,1.7,1.6,2,1.6,2.3,NA,2.4,1.7,2.4,1.8
DEPEND11,D11) Vulnerable employment,n/a,48.9,17.3,38,6.9,8.7,66,n/a,86.5,n/a,8.7,n/a,71.2,n/a,16.7,24.2,7.5,98.3,n/a,87.8,8.6,98,23.9,n/a,40.7,19.9,n/a,17.2,8.7,3.4,30.2,41,43.5,44,4,56.1,NA,6.6,4.8,63,6.2,n/a,26.7,50,4.3,5.6,4.7,n/a,67.9,56.1,5.2,5.4,15.4,12,10,38.5,n/a,27.7,n/a,47.1,n/a,5.6,28,7.8,6,22,n/a,n/a,21.4,14.7,32.3,29.6,n/a,n/a,64.5,28.2,8.3,9.5,45.5,n/a,3.3,n/a,75.3,23.5,NA,50.3,47.1,46.6,17.7,19.1,31.7,5.5,NA,n/a,90.9,20.3,7.3,6.1,9.6,NA,3.3,9.8,44.2,n/a,4.4,10.6,52,n/a,92.9,55.9,NA,n/a,NA,n/a,49,n/a,92.3,n/a,0.5,6.8,n/a,24,n/a,NA,32.9,78.5,23.9,n/a
DEPEND12,D12) Human Development Index,0.8,0.8,0.9,0.8,1,1,0.8,0.9,0.5,0.7,1,0.5,0.7,0.7,0.7,0.8,0.8,0.4,0.6,0.5,1,0.4,0.9,0.8,0.8,0.9,0.5,0.9,0.9,1,0.8,0.8,0.7,0.7,0.9,0.4,0.7,1,1,0.8,0.9,0.5,0.9,0.7,0.9,0.9,1,0.6,0.7,0.8,1,0.9,1,1,0.8,0.8,0.5,0.9,0.9,0.7,0.6,0.9,0.8,0.9,1,0.7,0.5,0.5,0.8,0.8,0.9,0.7,0.6,0.8,0.7,0.7,1,1,0.7,0.5,1,0.8,0.6,0.8,0.4,0.8,0.8,0.8,0.9,0.9,0.8,0.8,NA,0.8,0.5,0.8,0.9,0.9,0.9,0.5,0.7,1,0.8,0.5,1,1,0.7,0.6,0.5,0.8,0.5,0.5,0.7,0.8,0.8,0.7,0.5,0.8,0.9,0.9,1,0.9,0.6,NA,0.8,0.7,0.6,0.5
DEPEND13,D13) EIU Democracy Index,5.9,3.3,6.8,4.1,9.2,8.5,3.2,3.5,5.9,3.3,8.1,6.2,5.9,5.3,7.6,7.1,6.8,3.6,4.9,3.4,9.1,1.5,7.6,3.1,6.6,8,3,6.8,8.2,9.5,6.2,5.8,3.1,6.5,7.7,3.7,3.6,9.2,7.8,4.6,8.4,6,7.9,5.8,3.5,7.2,9.7,7.3,6.5,1.9,8.8,7.5,7.8,8.1,3.7,3.3,4.7,8.1,3.9,4.3,2.1,7.1,5.8,7.2,8.9,6.2,3.9,5.8,6.2,8,6.9,6.3,6.4,6.3,3.8,6.2,9,9.3,5.7,3.5,9.8,2.9,4.6,7.2,6.5,6.4,6.4,6.1,7.1,8,6.6,4.3,n/a,1.8,5.3,6.3,5.9,7.4,7.7,n/a,7.8,8.2,6.6,2.4,9.5,9.1,2.3,2.5,5.6,6.6,7.2,3.5,n/a,2.8,5.7,1.7,5.1,6.3,2.5,8.2,8.2,8.1,1.7,n/a,5.2,2.9,2.6,5.7
DEPEND14,D14) Gini coefficient,34.5,n/a,45.8,30.9,n/a,29.2,33.7,n/a,31,27.2,33,38.6,57.3,36.2,n/a,53.9,45.3,39.6,44.4,38.9,32.6,n/a,52.3,41.5,58.5,50.3,41.5,33.7,n/a,n/a,48.4,49,32.1,46.6,36,29.8,n/a,26.9,n/a,41.3,28.3,42.8,34.3,57.7,n/a,31.2,n/a,36.8,36.8,38.3,34.3,39.2,36,n/a,37.7,30.9,47.7,n/a,n/a,33.4,36.7,35.7,n/a,37.6,30.8,44.2,47.2,39,46.2,n/a,51.7,38,33,30,40.9,n/a,n/a,n/a,52.3,42.9,25.8,n/a,32.7,52.3,n/a,52,48,44,34.2,n/a,31.2,42.3,n/a,n/a,39.2,28.2,n/a,n/a,31.2,n/a,67.4,34.7,40.3,n/a,25,33.7,35.8,33.6,37.6,42.5,31.9,34.4,n/a,40.8,43.2,n/a,44.3,27.5,n/a,n/a,40.8,42.4,36.7,n/a,43.5,37.6,37.7,50.7
DEPEND15,D15) GDP percent real change,3.5,3.3,9.2,2.6,2.7,2.1,5,1.2,6.1,7.6,2.3,2.6,4.1,0.7,7.2,7.5,0.2,7.9,4.7,3.2,3.2,13,5.2,10.4,4.3,4.2,3,-1.2,2.3,1.7,7.8,3.6,5.1,1.4,2.3,7,0.5,3.6,1.4,6.4,3.6,7.7,-4.4,2.8,7,1.2,-4,8.8,6.1,2.9,-0.4,4.8,1.2,4,3.1,7.3,5.6,6.2,3.1,-1.4,7.9,-0.3,7.2,1.3,2.7,1.8,0.5,6.7,7.2,4.2,5.4,6.9,6.1,n/a,3.7,6.6,1.6,2.2,4.5,7.8,0.3,4.5,4.1,7.6,7.1,15,8.8,7.6,3.8,1.3,-1.3,4,1.1,4.1,4.2,1,14.5,4,1.4,7.1,2.8,-0.1,8,4.4,5.4,2.7,3.2,6.5,7,7.8,8,3.7,-1.2,3.7,9,6,5.6,4.2,1.4,1.8,3,8.5,8.5,3,-1.4,6.8,6.2,5.8
DEPEND16,D16) Private consumption percent real change,5.4,5.6,9,7.5,2.8,2.2,3.6,4.2,5.7,10.3,2.3,5.8,4,n.a.,10.5,7,-1.2,4.3,5,2.5,3.3,6,10.4,5.1,5,3.4,8,-0.9,0,2.3,7.7,7.7,4.1,2.3,-1.8,8.3,1.5,2.7,1.3,9.9,0.6,9.6,-4.6,2.4,6.2,-2,-0.4,8.7,4.6,2.6,-0.7,5.3,1,1.9,2.8,10.9,6,4.1,3.5,-7.9,n.a.,0.4,7,-4.5,2.1,0.4,5,4.8,6.5,2.6,5,9,6.2,n/a,2.2,1.4,0.4,2.3,3.5,-26.7,3.7,0.3,4,4.4,6,10.4,6,3.4,3.2,2.3,-1.6,3,n.a.,3.2,5.2,-1.8,4.2,-0.3,-0.7,n.a.,4.4,1.2,11,5.7,3.6,1.7,3.8,33.9,5.7,4.8,2.5,2.6,-0.7,2.5,6.7,n.a.,7.2,7,n.a.,1.1,2,11.4,n.a.,-40.3,-2.3,8.5,3.3,6
DEPEND17,D17) Gross national savings rate (%),17.6,47.8,25.3,20.7,25,24.7,46.2,27.8,26.3,25.3,21.1,14.2,20.9,n.a.,22.8,17,23.7,13.7,13.2,21.4,19.1,4.6,24.3,52.9,19.7,15.9,n.a.,21.9,18.7,21.9,7.4,22.9,16.3,11.1,23.1,16.1,n.a.,22.5,17.5,8.8,23.1,10.3,4.1,16.8,29.9,22.2,1.5,29.8,33.3,31.1,11.5,18.9,16.7,23.8,31.8,29.3,12,31.9,48.7,22.5,n.a.,24.9,12,17.7,n.a.,22.6,-7.6,13,33.5,31,24.5,15.3,n/a,n/a,30.5,22.4,25.2,15.6,n.a.,14.9,33.8,37.9,14.3,n.a.,12.5,12.7,23.5,24.7,17.4,9.1,22.5,27.7,n.a.,40.6,19.2,n.a.,46.1,18.7,21.8,n.a.,16.5,18.4,24.8,18.4,25,33.9,26.3,13.6,18.2,30.6,n.a.,10.3,n.a.,27.3,19.9,12.5,13.3,17.2,29,12.2,9.1,17.9,n.a.,n.a.,26.6,35,11,25
DEPEND18,D18) Gross national savings/investment (%),46.3,100.6,116.9,54,83.8,112.8,221.3,110.6,116.5,67.1,102.3,60,127.8,n.a.,84.5,90.8,70.1,51.9,64.1,76.7,85.8,0.5,108.5,110.8,90.6,87.6,168.9,78.7,88.2,120.9,68.8,98.5,91.1,89,124.6,65.8,n.a.,112.2,92.1,5.9,134.1,68.8,31.8,81.7,140.3,102,15.7,94.4,106.4,109.5,79.6,123,89.7,114,84.8,87.6,70.9,115,269.2,65.5,n.a.,92.9,39.5,141.9,n.a.,75.2,12.7,65.3,214.1,64,96.9,63.1,n.a.,0,83.7,92.5,122.8,83.7,n.a.,164.2,168.5,96.2,85.9,99.3,55,101.9,100.8,134.3,79.6,45,83.2,121.3,n.a.,120.8,63.5,n.a.,172.2,83.6,94.3,n.a.,79.7,79,97.2,n.a.,145.2,162.9,91.8,79,68.8,139,n.a.,68.5,n.a.,88.4,84.7,10,70.8,91.3,112.1,88,75.7,98.1,141.8,n.a.,110.6,81.4,49.5,85.9